Schema_AT_ID,Table_Name,Table_ID,Field_ID,Field_Name,Field_Type,Is_Linked_Field,Linked_Table_ID,Linked_Table
recTkF0HvQdLehmMl,Survey_Items,tbl9lguOzNO8VjMvY,fldooWw0j33hzHz87,Administration_Key (from Survey_Results_School_Item_Links),multilineText,,,
reckNLCBdWA7aAGfO,Survey_Items,tbl9lguOzNO8VjMvY,fldUIehfSKIrmN2fM,Administration_Key (from Survey_Results_School_Item_Links) copy,multilineText,,,
recJzj8vNcpcWPgF3,Survey_Items,tbl9lguOzNO8VjMvY,fldoSFEJYhSviEMxq,Administrations_Link,multipleRecordLinks,checked,tblErTZCOOpH0S4Xd,Survey_Administrations
rec87xEmFXX58rOwH,Survey_Items,tbl9lguOzNO8VjMvY,fldqNQIfnjhxVqV3a,Assessment_Responses,singleLineText,,,
recMWaIYgumfnE4j7,Survey_Items,tbl9lguOzNO8VjMvY,fldqvs61eFb6nZqu8,Assessment_Results_Region_Item,singleLineText,,,
recEc96fR0gyhRmQr,Survey_Items,tbl9lguOzNO8VjMvY,fldFD2FUjHDVKLuLF,Assessment_Results_School_Item,singleLineText,,,
recCHV8XjdC07WPBG,Survey_Items,tbl9lguOzNO8VjMvY,fldr6PDhJS1MLtb9r,Category_Code,multilineText,,,
reco0zQkO0V1UdRYN,Survey_Items,tbl9lguOzNO8VjMvY,fldENCDXcD6hKjk8z,Category_Select,multipleSelects,,,
rectIDTwwMcwDMzZZ,Survey_Items,tbl9lguOzNO8VjMvY,fldDg1qGWkYCi9DGP,Item_AT_ID,multilineText,,,
rechYWupEoT0owCd7,Survey_Items,tbl9lguOzNO8VjMvY,fld3ajw0sJq6dNGtR,Item_Order,singleLineText,,,
reciDxXXp8dEu2gy7,Survey_Items,tbl9lguOzNO8VjMvY,fldr5WzbZ46hnJnlG,Item_Prompt,singleLineText,,,
recRexqETEaCpFhCV,Survey_Items,tbl9lguOzNO8VjMvY,fldg7KP4ZBOVp426W,Last_Modified,dateTime,,,
recGTrX4E2qQS2PxV,Survey_Items,tbl9lguOzNO8VjMvY,fld6LFIXn4e8EAjwu,Likert_Scale,number,,,
rec6U3OK8ypT7GN4l,Survey_Items,tbl9lguOzNO8VjMvY,fldrTcmuZ2vXmIW5y,Network Blank,number,,,
recHn5jy2abXXFGlW,Survey_Items,tbl9lguOzNO8VjMvY,fldjxNxCenDNLINU4,Network Full Credit,number,,,
recqUcWmf3Sd68eFN,Survey_Items,tbl9lguOzNO8VjMvY,fldd9hxZEbFQR2306,Network N,number,,,
recX0AkhjN981cpOb,Survey_Items,tbl9lguOzNO8VjMvY,fldx5z2y7r1QAm76E,Network_Item_Responses,number,,,
recYfvb6sucjp3Abd,Survey_Items,tbl9lguOzNO8VjMvY,fldLyhBsDGT92DFJx,Network_Top_1,number,,,
recDHnKOp7xxjBs1U,Survey_Items,tbl9lguOzNO8VjMvY,fldTt80WkqbqfbUtT,Network_Top_2,number,,,
recN8C4JPq89fVKN4,Survey_Items,tbl9lguOzNO8VjMvY,fldfS7gzuxexSIMjb,Question_Label,singleLineText,,,
recgKHaIlDRcjUPlg,Survey_Items,tbl9lguOzNO8VjMvY,fld027NhquolrgRLa,Question_Type,singleSelect,,,
rec8N6aK8RrIErbVq,Survey_Items,tbl9lguOzNO8VjMvY,fldW0c1qNH5cRyCS5,Survey_City_Item_Results copy,multipleRecordLinks,checked,tblHRzJxvjAk3735c,Survey_Network_Item_Results
recjWFotCYJGH0Aia,Survey_Items,tbl9lguOzNO8VjMvY,fldkJ8ubrPNGUJKpR,Survey_Item_Responses_Links,singleLineText,,,
recIF3Es2vtuVENWy,Survey_Items,tbl9lguOzNO8VjMvY,fldHCOp9NXrZmdVl7,Survey_Region_Item_Results,multipleRecordLinks,checked,tblstb7gvzW7yMmye,Survey_Region_Item_Results
recyVAYkkP4RaYkHs,Survey_Items,tbl9lguOzNO8VjMvY,fldSCO2Qw6aCX66wy,Survey_Region_Item_Results copy,multipleRecordLinks,checked,tblDtbKXeIFK9FxJF,Survey_City_Item_Results
rec9uVE4EdjbLpKC0,Survey_Items,tbl9lguOzNO8VjMvY,fldpFgNTp9l8pEeaj,Survey_Results_School_Item_Links,singleLineText,,,
recH6OSKYyu4mPBdz,Survey_Items,tbl9lguOzNO8VjMvY,fldYstYiRHlBIIJ2u,Top_2,multipleSelects,,,
recPNZMSFhLJw2J48,Survey_Items,tbl9lguOzNO8VjMvY,fldRf8ySCdqX1MHZt,Top_2_Flat,multilineText,,,
rectg77zqoAC9QfyQ,Survey_Items,tbl9lguOzNO8VjMvY,fldQIerdmXgW5mVWp,Top_3,multipleSelects,,,
recMnTfTbGqCbOLKR,Survey_Items,tbl9lguOzNO8VjMvY,fld1urW4DjXmy20pe,Top_3_Flat,multilineText,,,
recEem3NnCI9MNQ9P,Survey_Items,tbl9lguOzNO8VjMvY,fldOYptIV4oFiKbPS,Updated_By,singleLineText,,,
rec2NqhINjPT5m1tA,Survey_Item_Comments,tbla8CWwKDBuQwmtq,flduIL4Dle4Ffilfz,City,multipleLookupValues,,,
reczuTvM7sxiMiUlh,Survey_Item_Comments,tbla8CWwKDBuQwmtq,fldsFogMGmwMcMIjS,Comment_Len,number,,,
recSYhNJyjeCBOgZB,Survey_Item_Comments,tbla8CWwKDBuQwmtq,fldxwczLRDlHJ1UrB,Comment_Text,multilineText,,,
recAtJOA8UyIm81ZI,Survey_Item_Comments,tbla8CWwKDBuQwmtq,fld7SMrtvbQM05aBS,Gender_Tags,multipleSelects,,,
reczPYmLHJSvdYZnr,Survey_Item_Comments,tbla8CWwKDBuQwmtq,fldhL5yev7UkzlL9p,Race_Tags,multipleSelects,,,
recQIq3H5RtiC6JnU,Survey_Item_Comments,tbla8CWwKDBuQwmtq,fldbenaKXQ9lRtxq4,Region (from School_Link),singleLineText,,,
recHePR8DWn8v9Fmh,Survey_Item_Comments,tbla8CWwKDBuQwmtq,fld0OgxriXCVWinMF,Region_Link,multipleRecordLinks,checked,tblKXWbABAC2WoXCn,Regions
rectxpPiUOMgiDzCJ,Survey_Item_Comments,tbla8CWwKDBuQwmtq,fldtdDMLFCpmfwrVH,Respondent_Link,singleLineText,,,
rec3yP6Qhb7aseMD3,Survey_Item_Comments,tbla8CWwKDBuQwmtq,fld9dSclPYDL9raX5,School_Item_Comment_Key,multilineText,,,
recqMw2tB5B5WLPrB,Survey_Item_Comments,tbla8CWwKDBuQwmtq,fldZzosGFZolvK1vz,School_Item_Report_AT_ID,multipleLookupValues,,,
recYz08LcO7qzSFvj,Survey_Item_Comments,tbla8CWwKDBuQwmtq,fldssXZLXxOCfCqTJ,School_Item_Results_Key,formula,,,
recYdfNZTVtPXz7an,Survey_Item_Comments,tbla8CWwKDBuQwmtq,fldYJsh7gkpweX4dn,School_Item_Results_Link,multipleRecordLinks,checked,tblwEdi9EQhCsixNd,Survey_School_Item_Results
recUukxr9Ua0iy0AY,Survey_Item_Comments,tbla8CWwKDBuQwmtq,fld1ZxJ5ZVS4kutlq,School_Link,multipleRecordLinks,checked,tblTyVLW0R8MxmQ0S,Schools
recMTvNHrtnnm5Dk7,Survey_Item_Comments,tbla8CWwKDBuQwmtq,fldnuttFK743A5Kkq,School_Link_Lookup,singleLineText,,,
recgLQcvLWEAF7dZj,Survey_Item_Comments,tbla8CWwKDBuQwmtq,fldGCbd2bjj1GsMZb,Student_Comment_AT_ID,multilineText,,,
recF9SqGI2otywEKL,Survey_Item_Comments,tbla8CWwKDBuQwmtq,fld7LbexysRT086cc,Survey_Admin,singleSelect,,,
recDDWS15ZnmupmVx,Survey_Item_Comments,tbla8CWwKDBuQwmtq,fldVoRfvl5fuWW5Qp,Survey_Administrations (from School_Link),multipleLookupValues,,,
recWe5K9XzuLgVR7A,Survey_Item_Comments,tbla8CWwKDBuQwmtq,fldDtG0WYHRZYzoeE,Survey_Item,singleLineText,,,
reckmmjKAEOXUptUZ,Survey_Item_Comments,tbla8CWwKDBuQwmtq,fldsUOXgtF3VzDJdK,Survey_Item_Link,multipleRecordLinks,checked,tbl9lguOzNO8VjMvY,Survey_Items
recHFhD3YaNlBiCGU,Survey_Item_Comments,tbla8CWwKDBuQwmtq,fldq6XzGEU9bnmq1m,Survey_Item_School_Results (from School_Link),multipleLookupValues,,,
rec0oHHtPvemaBwwf,Cities,tblAb2YQJ4bggKx37,fldM98KoCoBC2dgzV,Assessment_Results_City_Item,multipleRecordLinks,checked,tblYFvQSCkdYt6wMS,Assessment_Results_City_Item
recKkWeVtsc4yT9rQ,Cities,tblAb2YQJ4bggKx37,fldPoZDzdVOyenwxk,City_Name,singleLineText,,,
recTsfewMsTcJkFrw,Cities,tblAb2YQJ4bggKx37,fldMKhCouP4FeB2Wk,Regions_Linked,multipleRecordLinks,checked,tblKXWbABAC2WoXCn,Regions
recAe1bOYDmgLkYbV,Cities,tblAb2YQJ4bggKx37,fld6wf3vM9B8npiMH,Schools,multipleRecordLinks,checked,tblTyVLW0R8MxmQ0S,Schools
rec95HzUDF9d5m8YG,Cities,tblAb2YQJ4bggKx37,fldUVJsM6lhVvnKz0,Schools_Linked,multipleRecordLinks,checked,tblTyVLW0R8MxmQ0S,Schools
recAOvMq8wsmTX3ap,Cities,tblAb2YQJ4bggKx37,fldRN3wOUZc4WPpeU,Survey_City_Item_Results,multipleRecordLinks,checked,tblDtbKXeIFK9FxJF,Survey_City_Item_Results
rec6NLhDE4NwShZMD,Cities,tblAb2YQJ4bggKx37,fldwlPEHvdVtrCOXS,Survey_School_Item_Results,multipleRecordLinks,checked,tblwEdi9EQhCsixNd,Survey_School_Item_Results
rec03xXUsQbtZZHpV,Assessment_Results_Region_Item,tblABodO1pkPkYU5F,fld8iOYgrMb11Ekp9,Assessment_Bank,singleLineText,,,
recr0FeTZ4GbtGteg,Assessment_Results_Region_Item,tblABodO1pkPkYU5F,flddnAwrY4JbnAvb2,Assessment_Item_Link,multipleRecordLinks,checked,tblqIgPFR3mCHjQRo,Assessment_Items
recYFOVTxDWarpd5B,Assessment_Results_Region_Item,tblABodO1pkPkYU5F,fldXAF2Jz3N9DDYnM,Assessment_Results_School_Item,multipleRecordLinks,checked,tblD7Kjxmno3JuhAk,Assessment_Results_School_Item
recWbSdZhEN5VoLhP,Assessment_Results_Region_Item,tblABodO1pkPkYU5F,fldmwZewON5KqfKrM,Blanks,rollup,,,
recIBhA3cqKWixQnS,Assessment_Results_Region_Item,tblABodO1pkPkYU5F,fldK40qvrdT6CFX4W,Domain (from Assessment_Item_Link),multipleLookupValues,,,
recKgwfRhu9WNPkiJ,Assessment_Results_Region_Item,tblABodO1pkPkYU5F,fld9Jz3X4OiT3auBc,Domain_Tags,multipleSelects,,,
recJN6e2COHrrESuh,Assessment_Results_Region_Item,tblABodO1pkPkYU5F,fldmOEPhz0Fqaozss,Item_Extract,formula,,,
recI2LCTyWBFAsvpe,Assessment_Results_Region_Item,tblABodO1pkPkYU5F,fldL7VakLjooRFn2k,Item_Responses,rollup,,,
rec6JPXZMilTYRlDP,Assessment_Results_Region_Item,tblABodO1pkPkYU5F,fldSpQsYxy2oIKdVZ,Item_Type (from Assessment_Item_Link),multipleLookupValues,,,
reccT5xkrzI1rN4GG,Assessment_Results_Region_Item,tblABodO1pkPkYU5F,flddlnoqTV4BNBi7E,Percent_Blanks,formula,,,
reccOJ7gAFX7jRxcq,Assessment_Results_Region_Item,tblABodO1pkPkYU5F,fldVZpGRvoglEmlvL,Percent_Correct,formula,,,
recnmsDzlzMmpAAxG,Assessment_Results_Region_Item,tblABodO1pkPkYU5F,fldxsFJOnFn6rFeV3,Region (from Region_Link),multipleLookupValues,,,
recS08hDBeVDlH7Fi,Assessment_Results_Region_Item,tblABodO1pkPkYU5F,fld49UMrV7P1baZfL,Region_Extract,formula,,,
recnNomwAny1XHAUV,Assessment_Results_Region_Item,tblABodO1pkPkYU5F,fldUYOX3qofg0Exnz,Region_Full_Credit_All_Count,rollup,,,
recEciS7BvEd4eRgz,Assessment_Results_Region_Item,tblABodO1pkPkYU5F,fldf762G1PkT7rd1D,Region_Full_Credit_Constructed,formula,,,
recvraD8UQU1EyaJ6,Assessment_Results_Region_Item,tblABodO1pkPkYU5F,fldlevuStjQmecyVc,Region_Full_Credit_Constructed_Count,rollup,,,
recktKcnoJkuMsapY,Assessment_Results_Region_Item,tblABodO1pkPkYU5F,fldxFRWwZZ84nv9wE,Region_Full_Credit_Percent,formula,,,
recuS44Vjrka87zJA,Assessment_Results_Region_Item,tblABodO1pkPkYU5F,fldd2dxJHAMzysOpj,Region_Item_Result_AT_ID,formula,,,
recP9ZKrDhtuKj7s2,Assessment_Results_Region_Item,tblABodO1pkPkYU5F,fldF9F5HIlmAHm173,Region_Item_Result_Key,singleLineText,,,
recF5pAUoGofRonOQ,Assessment_Results_Region_Item,tblABodO1pkPkYU5F,fldRKXIzrZ2WEo7Tu,Region_Link,multipleRecordLinks,checked,tblKXWbABAC2WoXCn,Regions
recPWk7cDwU9nbsYI,Assessment_Results_Region_Item,tblABodO1pkPkYU5F,fldVEJ5tg7HRy6S7N,Region_MC_Correct_Count,rollup,,,
rec8kVj0W4e1kh832,Assessment_Results_Region_Item,tblABodO1pkPkYU5F,fldLCViqmZVEBZ6jM,Region_Partial_Credit_All_Count,rollup,,,
recLob67nNMkxQSf1,Assessment_Results_Region_Item,tblABodO1pkPkYU5F,fldW7AMehyG0pKAOs,Region_Partial_Percent,formula,,,
recFn50tbzaJGpbjc,Assessment_Results_Region_Item,tblABodO1pkPkYU5F,fld5m6zWufRE0WQTl,School_Item_Result_Key_Formula,formula,,,
recH87Dz0PEEN6lqJ,Assessment_Results_Region_Item,tblABodO1pkPkYU5F,fldbuzWehyhXAfd9q,Standards_Code (from Assessment_Item_Link),multipleLookupValues,,,
recKGvaVNc2wj32Dc,Assessment_Results_Region_Item,tblABodO1pkPkYU5F,fldG7JfEt9aHlCLvg,Standards_Tags,multipleSelects,,,
recfKSC6mhz01QBRz,Assessment_Import_Log,tblaMuFVHtzyyKKqB,fldYl1b3DBJiDX6CS,Added_By,multipleRecordLinks,checked,tblWQJewTlrkfypPP,Users_Sync
rec0xWwxqEY7BtQTl,Assessment_Import_Log,tblaMuFVHtzyyKKqB,fldGtL2bro7SE4NXr,Assessment_Bank_AT_ID (from Assessment_Banks),singleLineText,,,
recLC2sRxUNjdzxRO,Assessment_Import_Log,tblaMuFVHtzyyKKqB,fldCYTyE5PYrGwnMq,Assessment_Banks,multipleRecordLinks,checked,tblwgM7tZ0e1sEpfX,Assessment_Banks
recpWjRdROn1CpguA,Assessment_Import_Log,tblaMuFVHtzyyKKqB,fldOfhvGa1EmMOm16,Assessment_Import_Link,singleLineText,,,
recEvdEQvLAlM3Ad7,Assessment_Import_Log,tblaMuFVHtzyyKKqB,fldmGZ9B9EYBmVPJd,Assessment_Label,multilineText,,,
recqaBNPJaXXKEaxO,Assessment_Import_Log,tblaMuFVHtzyyKKqB,fld4VGK2ucSActwq5,Created_Time,dateTime,,,
recHMSfV2AxJ3gTQc,Assessment_Import_Log,tblaMuFVHtzyyKKqB,fldruNFDzlWnwQnU9,Date_Initiated,dateTime,,,
rec3ePKxLFtFT0k8d,Assessment_Import_Log,tblaMuFVHtzyyKKqB,fldZKtaTLt1eFR8tx,End_Row,number,,,
rec5z13Oas23zaDnH,Assessment_Import_Log,tblaMuFVHtzyyKKqB,fldIRDwHeOiCHQuJc,File_Name,singleLineText,,,
recRFxO3VFM4kxoB9,Assessment_Import_Log,tblaMuFVHtzyyKKqB,fldu9THTzQX6XXTss,First_Item_Column (from Assessment_Banks),singleLineText,,,
recqetqeWyo6q0mxh,Assessment_Import_Log,tblaMuFVHtzyyKKqB,fld0dl9iC1Ewaadbv,First_Item_Column_Letter (from Assessment_Banks),singleLineText,,,
recVJZfN3NzQdbypk,Assessment_Import_Log,tblaMuFVHtzyyKKqB,fldDfhQ4Ue2uIfUPh,Google_Sheet_Created,url,,,
recoGjr4hfiE0UaO9,Assessment_Import_Log,tblaMuFVHtzyyKKqB,fldNqvWY75Z36jESH,Grade,singleSelect,,,
rec003QFWfKA8TYgo,Assessment_Import_Log,tblaMuFVHtzyyKKqB,fld2ew4MxZsG8dRyS,Import_ID,multilineText,,,
reclt0oSbzArtgPWh,Assessment_Import_Log,tblaMuFVHtzyyKKqB,fld1lTRyqcY8e9P7I,Import_Source,url,,,
recPYbkYnApiFdSPp,Assessment_Import_Log,tblaMuFVHtzyyKKqB,fldT2RUmUrjLhhyzk,Imported_At,dateTime,,,
recXWSsH9gfJtrVFm,Assessment_Import_Log,tblaMuFVHtzyyKKqB,fldJRa336RXfDjvhe,Imported_File,url,,,
reczgyuAm9bhXhJNS,Assessment_Import_Log,tblaMuFVHtzyyKKqB,fldh5X9koidGFVKEU,Imported_File_ID_Formula,multilineText,,,
recne3NAYw3mGQIwu,Assessment_Import_Log,tblaMuFVHtzyyKKqB,fldBSwsf6IONba5EP,Item_Count,singleLineText,,,
recebwA6dk8T6pN2s,Assessment_Import_Log,tblaMuFVHtzyyKKqB,fldzKpGiyyKI7c33p,Last_Item_Column (from Assessment_Banks),singleLineText,,,
recEYUPS2ceYugtjE,Assessment_Import_Log,tblaMuFVHtzyyKKqB,fldwz7a6p98w3jiPJ,Last_Item_Column_Letter (from Assessment_Banks),singleLineText,,,
rech9DgfegKDU6LaT,Assessment_Import_Log,tblaMuFVHtzyyKKqB,fldCX5zEJmpFYAorv,Module,singleSelect,,,
recketMlCe2OvT21R,Assessment_Import_Log,tblaMuFVHtzyyKKqB,fldwF3ZhxiV73YXyJ,Responses_Imported,number,,,
rechuq2nPKPtmuDbG,Assessment_Import_Log,tblaMuFVHtzyyKKqB,fldk6JLLBHJQ6jTkY,School_Label,singleLineText,,,
recOSjSuZrJkjTobV,Assessment_Import_Log,tblaMuFVHtzyyKKqB,fldqtFbnWpqHSmGNZ,School_Link,multipleRecordLinks,checked,tblTyVLW0R8MxmQ0S,Schools
recKkjIcsdfB4FAVN,Assessment_Import_Log,tblaMuFVHtzyyKKqB,fldFCEuMcoOq30Gbz,School_Year,singleLineText,,,
rec6824VNHXDb4Wp6,Assessment_Import_Log,tblaMuFVHtzyyKKqB,fldYte1IRrCOXW6fe,School_Year_Select,singleSelect,,,
recPsLrP1l6fWxurY,Assessment_Import_Log,tblaMuFVHtzyyKKqB,fldcCaT16pTVYybay,Sheet_File_ID,singleLineText,,,
rec9mkyy9sp16009I,Assessment_Import_Log,tblaMuFVHtzyyKKqB,fld613WmK1wosqP9m,Status,singleSelect,,,
recjIfK9w8jivQpcT,Assessment_Results_School_Item,tblD7Kjxmno3JuhAk,fldRmuiwo3hetbvQ5,Assessment_Bank,multipleRecordLinks,checked,tblwgM7tZ0e1sEpfX,Assessment_Banks
recOp3dzTxnfjbf15,Assessment_Results_School_Item,tblD7Kjxmno3JuhAk,fldn1K17VVXfaO3u5,Assessment_Bank_Report_AT_ID,multipleLookupValues,,,
recFAua2Y6nLNAtlJ,Assessment_Results_School_Item,tblD7Kjxmno3JuhAk,fldxdSVWkVGWgFfH5,Assessment_Bank_Source_AT_ID,singleLineText,,,
recJ38DxesJG8ZxCs,Assessment_Results_School_Item,tblD7Kjxmno3JuhAk,fld3zrUYXYEeIa0xe,Assessment_ID,singleLineText,,,
rec9sarnfzTZaWXq3,Assessment_Results_School_Item,tblD7Kjxmno3JuhAk,fldKjJwjAdeZCNYya,Assessment_Item_Link,multipleRecordLinks,checked,tblqIgPFR3mCHjQRo,Assessment_Items
recUwA6vcD4CvNrDz,Assessment_Results_School_Item,tblD7Kjxmno3JuhAk,fldhhLh7HcCwLdJhS,Assessment_Publication_Key_Formula,multilineText,,,
recm6nkR2c5avPmpc,Assessment_Results_School_Item,tblD7Kjxmno3JuhAk,fldpTwdgfRgfVENiu,Assessment_Publication_Link,multipleRecordLinks,checked,tblVFHu4KLIIZCRVj,Assessment_Publication_Log
recHnfjL2smBvQGRP,Assessment_Results_School_Item,tblD7Kjxmno3JuhAk,fldVx8ta982vOfUNV,Assessment_Results_City_Item,multipleRecordLinks,checked,tblYFvQSCkdYt6wMS,Assessment_Results_City_Item
recLw6ceYkYQTlrkE,Assessment_Results_School_Item,tblD7Kjxmno3JuhAk,fldxt1Q6yd9mF7i6I,Assessment_Results_Region_Item,multipleRecordLinks,checked,tblABodO1pkPkYU5F,Assessment_Results_Region_Item
recW0X4MfIkFoQ35k,Assessment_Results_School_Item,tblD7Kjxmno3JuhAk,fld6v8gGkXI1lVMHl,Automation_Run,dateTime,,,
recjdih6fS7p65DOK,Assessment_Results_School_Item,tblD7Kjxmno3JuhAk,fldyXVnX2HhBjvndx,Blanks,number,,,
recBQv7TqotM5BTGv,Assessment_Results_School_Item,tblD7Kjxmno3JuhAk,fldsuwSZpJfmUeT8p,Check_Region_Item_Result_Key,number,,,
recX6pamP9zeO3Ajl,Assessment_Results_School_Item,tblD7Kjxmno3JuhAk,fld5IkDlw81FR638S,Check_School_Item_Key,number,,,
rec8KcQqNyGDkfUmX,Assessment_Results_School_Item,tblD7Kjxmno3JuhAk,fldONzntDtYxDgbb3,City,singleLineText,,,
receiOk8eFEsA5ngq,Assessment_Results_School_Item,tblD7Kjxmno3JuhAk,fld1qCHtBndO1Ma8D,City_Blanks_Count,multipleLookupValues,,,
recNnEP9ZOKWyeIZO,Assessment_Results_School_Item,tblD7Kjxmno3JuhAk,flddA4i2p2JdF8DKi,City_Full_Credit_Count,multipleLookupValues,,,
recHYxcMBLJA3NVxs,Assessment_Results_School_Item,tblD7Kjxmno3JuhAk,fldkSbSAxbBO6RFFt,City_Full_Credit_Percent,multipleLookupValues,,,
reca9okrGGXkvlx6f,Assessment_Results_School_Item,tblD7Kjxmno3JuhAk,fldSifvv1SWxVC3fS,City_Item_Responses,multipleLookupValues,,,
recGDOnhfIb2s8PH3,Assessment_Results_School_Item,tblD7Kjxmno3JuhAk,fldETjdbzxQmtm149,City_Item_Results_Key,formula,,,
recId9scJv69s9cYJ,Assessment_Results_School_Item,tblD7Kjxmno3JuhAk,fldeEmFYjLwiWx5QF,City_Lookup,multipleLookupValues,,,
recBHsoA498iNxAoS,Assessment_Results_School_Item,tblD7Kjxmno3JuhAk,fldEmGDLIeJpnuDIZ,City_Partial_Credit_Count,multipleLookupValues,,,
reclfyte7UkyYODrB,Assessment_Results_School_Item,tblD7Kjxmno3JuhAk,fldn7iutHNx5nr3m3,City_Partial_Credit_Percent,multipleLookupValues,,,
recHXX30mMLmvQntH,Assessment_Results_School_Item,tblD7Kjxmno3JuhAk,fldJcIowyykd418Fz,Domain (from Assessment_Item_Link),multipleSelects,,,
reczAWBu2lEq6mXnM,Assessment_Results_School_Item,tblD7Kjxmno3JuhAk,fldnQB54LIKCICQqT,Domain_Tags,multipleSelects,,,
rec8pmm8b7w7SaV3H,Assessment_Results_School_Item,tblD7Kjxmno3JuhAk,fldidvBGJbJ5aTZ1a,Full_Credit_All,number,,,
recnLBYlVJPgqa1KT,Assessment_Results_School_Item,tblD7Kjxmno3JuhAk,fldw2igYy3m9u3cxk,Full_Credit_All_Count,number,,,
recWMU6UHkAc05qRA,Assessment_Results_School_Item,tblD7Kjxmno3JuhAk,fldlDIPg5ohx87xXR,Full_Credit_Count,number,,,
rec5dmbchhKrttMxA,Assessment_Results_School_Item,tblD7Kjxmno3JuhAk,fldFPi8d120rQMElg,Full_Credit_Open,number,,,
recJyoelo6HLCIh08,Assessment_Results_School_Item,tblD7Kjxmno3JuhAk,fld7P1YcQaikX1HeB,Full_Credit_Open_Count,number,,,
recZsfYnkqDEbndTc,Assessment_Results_School_Item,tblD7Kjxmno3JuhAk,fldScVtiJbaMjjCJ1,Item_Extract,multilineText,,,
reccmm64LEQ1zbUWC,Assessment_Results_School_Item,tblD7Kjxmno3JuhAk,fldqZVWwPc7LUXNLN,Item_Order,number,,,
recJD0mIvCNHA0rBh,Assessment_Results_School_Item,tblD7Kjxmno3JuhAk,fldiyTg1ruxwhAjZC,Item_Responses,number,,,
recnjTeZ1IA0ZnROf,Assessment_Results_School_Item,tblD7Kjxmno3JuhAk,fldSyZFMH3IYhWiIi,Item_Type,singleLineText,,,
recuUTUuuAJ1Taljg,Assessment_Results_School_Item,tblD7Kjxmno3JuhAk,fld77P2fndsxGqn1c,Last_Modified,dateTime,,,
recv1qaGomkT4HnLR,Assessment_Results_School_Item,tblD7Kjxmno3JuhAk,fldm5kBcsggIZI4m4,N_Correct,number,,,
recGeLxBiUHlWMpsX,Assessment_Results_School_Item,tblD7Kjxmno3JuhAk,fldIR5OFrEBt0P5pY,Network Blank,singleLineText,,,
recafoyaSp3kIUToO,Assessment_Results_School_Item,tblD7Kjxmno3JuhAk,fldza7xwuEe8Oeb6Q,Network Full Credit,singleLineText,,,
recF3MLSs8CZkBAhz,Assessment_Results_School_Item,tblD7Kjxmno3JuhAk,fldqSxriQELHxSqsQ,Network N,singleLineText,,,
recgBnuzoRHGeFdkx,Assessment_Results_School_Item,tblD7Kjxmno3JuhAk,fldnGODqPtEypnQPp,Network Partial Credit,singleLineText,,,
recKeBjMfqcUBvXkC,Assessment_Results_School_Item,tblD7Kjxmno3JuhAk,fldupwyNYwqWye9E9,Partial_Credit,number,,,
rec23ZZtVKF7uQgiq,Assessment_Results_School_Item,tblD7Kjxmno3JuhAk,fld5Nyz8hZ0D4WNve,Partial_Credit_Count,number,,,
recVwmBTagezETxBP,Assessment_Results_School_Item,tblD7Kjxmno3JuhAk,fldI8LVeYcxxwH4oj,Percent_Correct,number,,,
recRZznrekayPRcGy,Assessment_Results_School_Item,tblD7Kjxmno3JuhAk,fldKCxFVMur7bLgfl,Publication_Status,multipleSelects,,,
recV5viuVb5AikXm1,Assessment_Results_School_Item,tblD7Kjxmno3JuhAk,fldWOsbBt2jqCZnaI,Region_Blanks_Count,multipleLookupValues,,,
recNPrX8JIlYb5kpI,Assessment_Results_School_Item,tblD7Kjxmno3JuhAk,fldRGu38Bm8ZqWV23,Region_Blanks_Percent,multipleLookupValues,,,
recEpYoJ7scD8QYCs,Assessment_Results_School_Item,tblD7Kjxmno3JuhAk,fldkUaIpDnD9Ge9HT,Region_Item_Results_Key,singleLineText,,,
recpS5CZDjfw9eeDa,Assessment_Results_School_Item,tblD7Kjxmno3JuhAk,fld2IxrtTUrEMCEms,Region_Item_Results_Link,singleLineText,,,
recXOiB0o9cXl3hjl,Assessment_Results_School_Item,tblD7Kjxmno3JuhAk,fldNSbG2o2xCP6oOK,Region_Link,multipleRecordLinks,checked,tblKXWbABAC2WoXCn,Regions
recTziFcGVrPB1zmU,Assessment_Results_School_Item,tblD7Kjxmno3JuhAk,fld5vlPHD4IUim1a8,Region_Link (from School_Link),singleLineText,,,
reczHyLM0YcuopugJ,Assessment_Results_School_Item,tblD7Kjxmno3JuhAk,fldD6EAb6GozGjqsf,Region_N,singleLineText,,,
recq6jj0ctNsUtcLf,Assessment_Results_School_Item,tblD7Kjxmno3JuhAk,fldMyawKcGEWcUXtT,Region_Partial_Credit,singleLineText,,,
recWlddoG1OBIk304,Assessment_Results_School_Item,tblD7Kjxmno3JuhAk,fldqlF35ad1XTaRi5,Region_Txt,multipleLookupValues,,,
recUUNDbTWcs3e5Mc,Assessment_Results_School_Item,tblD7Kjxmno3JuhAk,fld19afWwfzVf4noz,RegionFull_Credit_All,singleLineText,,,
rec7Mz5AS3vVGHdMn,Assessment_Results_School_Item,tblD7Kjxmno3JuhAk,fld7VV8S25u0uiT9Q,Respondents,number,,,
recOgrxxJuJWFSnBq,Assessment_Results_School_Item,tblD7Kjxmno3JuhAk,fldtQ7mvEIWHd9Bha,Result_Status,singleSelect,,,
recl4I2VUnXOydkRg,Assessment_Results_School_Item,tblD7Kjxmno3JuhAk,fldb4dVkuoYLBWbuD,School_AT_ID,singleLineText,,,
recQBgoFdDyCL3cKz,Assessment_Results_School_Item,tblD7Kjxmno3JuhAk,fldZqTwoROCGAxWlg,School_Extract,singleLineText,,,
recItMxdHFl380xJw,Assessment_Results_School_Item,tblD7Kjxmno3JuhAk,fldkZKOnuyT4zk56m,School_Item_Analysis_AT_ID,multilineText,,,
recLQelrEefREIPAR,Assessment_Results_School_Item,tblD7Kjxmno3JuhAk,fldMt9WkdRll7Yr4D,School_Item_Result_Key,singleLineText,,,
recP55WgIjXSxM5HH,Assessment_Results_School_Item,tblD7Kjxmno3JuhAk,fldMuR0OYFkFwEOui,School_Item_Result_Key_Formula,multilineText,,,
recWfOR1h6j9HpSnq,Assessment_Results_School_Item,tblD7Kjxmno3JuhAk,fld2GLtveYmX322bP,School_Item_Source_AT_ID,multilineText,,,
recRtRe2uiuBq8OUA,Assessment_Results_School_Item,tblD7Kjxmno3JuhAk,fldG2JUEaNC0Asagv,School_Link,multipleRecordLinks,checked,tblTyVLW0R8MxmQ0S,Schools
rec7PIhWQu04mXs12,Assessment_Results_School_Item,tblD7Kjxmno3JuhAk,fldJ5GPs6CKT6LulI,Standards_Code (from Assessment_Item_Link),singleLineText,,,
rec8lPBpqYuLiGzQZ,Assessment_Results_School_Item,tblD7Kjxmno3JuhAk,fldgOwOfCCQw50Nmr,Standards_Tags,multipleSelects,,,
recVrQ3vm8tX2G9s1,Survey_City_Item_Results,tblDtbKXeIFK9FxJF,fld7J8F5ZwjWbIGUM,City_Blanks,rollup,,,
recEzWJIG7hk53Ml5,Survey_City_Item_Results,tblDtbKXeIFK9FxJF,fld5fbp3mJ64V2rqo,City_Item_Responses,rollup,,,
recWTltbvjS8pz27M,Survey_City_Item_Results,tblDtbKXeIFK9FxJF,fldxqF4Zw1srpX40h,City_Item_Result_Key,singleLineText,,,
recLkwLcpowpu0agH,Survey_City_Item_Results,tblDtbKXeIFK9FxJF,fld3RuhI7BZoymNtz,City_Link,multipleRecordLinks,checked,tblAb2YQJ4bggKx37,Cities
reckDEA3aYCJEGeY4,Survey_City_Item_Results,tblDtbKXeIFK9FxJF,fldwOmeyX9HxKURMN,City_Link (from Survey_School_Item_Results),rollup,,,
recI3McsIjGmkItYc,Survey_City_Item_Results,tblDtbKXeIFK9FxJF,flduKxvmUrAwlylyH,City_Respondents,rollup,,,
recOhSoCa12suvus2,Survey_City_Item_Results,tblDtbKXeIFK9FxJF,fldNgOYBAvjWGSIHS,City_Top_1,rollup,,,
recq2LnBKzlw3veWy,Survey_City_Item_Results,tblDtbKXeIFK9FxJF,fldHkMcQhgINpG9pi,City_Top_1_Percent,formula,,,
recbtImiFpqms0Jnc,Survey_City_Item_Results,tblDtbKXeIFK9FxJF,fld4sd5jliBJubNZO,City_Top_2,rollup,,,
rech2rMcIo58u7JqN,Survey_City_Item_Results,tblDtbKXeIFK9FxJF,fld9PSPfBZcQxc6ps,City_Top_2_Percent,formula,,,
recRRalQbUuFnvdbH,Survey_City_Item_Results,tblDtbKXeIFK9FxJF,fld57YsfYKIifgZMA,City_Top_3,rollup,,,
recLSuQa5BBTpfRt8,Survey_City_Item_Results,tblDtbKXeIFK9FxJF,fldzQbCADtrii5VLn,City_Top_3_Percent,formula,,,
recN8VdOMpO6OqLGP,Survey_City_Item_Results,tblDtbKXeIFK9FxJF,fldSDOsjFJ8Nwr7km,Domain (from Assessment_Item_Link),singleLineText,,,
rec532IjQINb1eae3,Survey_City_Item_Results,tblDtbKXeIFK9FxJF,fldpu0hjxU6Zx1hN6,Domain_Tags,multipleSelects,,,
rechAXA5aa32PF4Em,Survey_City_Item_Results,tblDtbKXeIFK9FxJF,fld0kLaVjMQ0Bxo55,Item_Extract,formula,,,
recdaFQRbLNwtGwgW,Survey_City_Item_Results,tblDtbKXeIFK9FxJF,fldAXj963yQBDY06i,Item_Type,multipleSelects,,,
recZlYWT8DpFaG4TK,Survey_City_Item_Results,tblDtbKXeIFK9FxJF,fld0SC0cYFdBqldpZ,Question_Type,multipleLookupValues,,,
recGNKvqNYeLlcjgW,Survey_City_Item_Results,tblDtbKXeIFK9FxJF,fldH7JnSOYfOh8IAG,Region_Link,multipleRecordLinks,checked,tblKXWbABAC2WoXCn,Regions
reccuSnqvTnOrP7x6,Survey_City_Item_Results,tblDtbKXeIFK9FxJF,fldfRS2RCmlSLzOGO,Region_Txt (from Survey_School_Item_Results),rollup,,,
recQkjPIqiq9of6TH,Survey_City_Item_Results,tblDtbKXeIFK9FxJF,fldb6td765JKlZpZk,Standards_Code (from Assessment_Item_Link),singleLineText,,,
recCLMNzfFWvAaF8v,Survey_City_Item_Results,tblDtbKXeIFK9FxJF,fld2kOIEYUrFD0qjk,Standards_Tags,multipleSelects,,,
recdtDxjEXDmHL0EF,Survey_City_Item_Results,tblDtbKXeIFK9FxJF,fldRMxNkRh6DKqjVr,Survey_Item_Link,multipleRecordLinks,checked,tbl9lguOzNO8VjMvY,Survey_Items
recPTklLsIOUwFcSQ,Survey_City_Item_Results,tblDtbKXeIFK9FxJF,fld3kOL8t3aoGm5zw,Survey_School_Item_Results,multipleRecordLinks,checked,tblwEdi9EQhCsixNd,Survey_School_Item_Results
recITaQRjFzcNwAhA,Survey_Respondents,tblE1rwPUjtxodIvZ,fldnAiTRlQNt9sdnW,Ability_Pursue,singleSelect,,,
recXbUKxJK7w7q2Zc,Survey_Respondents,tblE1rwPUjtxodIvZ,fld7gfJdQnwtsth37,Ability_Pursue_Top2,number,,,
recauOZRApnyLVZjx,Survey_Respondents,tblE1rwPUjtxodIvZ,fldSLz9F78rkGzWbD,Ability_Pursue_Top3,number,,,
receCGUzGEnIfFaZP,Survey_Respondents,tblE1rwPUjtxodIvZ,flddKsbwSdvGsqvZH,Achieve_Vision,singleSelect,,,
recRBUd3oxjRkpVGk,Survey_Respondents,tblE1rwPUjtxodIvZ,fldp5ut5mL0tIWGpZ,Achieve_Vision_Top2,number,,,
rec0VMw89A6l3Eu59,Survey_Respondents,tblE1rwPUjtxodIvZ,fldoBFaTHA57bzNiS,Achieve_Vision_Top3,number,,,
recfcP6TPpYyG9xP9,Survey_Respondents,tblE1rwPUjtxodIvZ,fldfCNyVwM2uuoOBw,Agency_Financial,singleSelect,,,
recQfANxbyLOn5AIC,Survey_Respondents,tblE1rwPUjtxodIvZ,fldLcUvjHOJpztgyP,Agency_Financial_Top2,number,,,
recXE8lGjwmzrx8ia,Survey_Respondents,tblE1rwPUjtxodIvZ,fldJofLUwwhP5WNCv,Agency_Financial_Top3,number,,,
recqtDo8Uwmzx74DT,Survey_Respondents,tblE1rwPUjtxodIvZ,fldMVM9ym0CvnQAEM,Analyze_Applications,singleSelect,,,
recnLSKD8aQVOv4vb,Survey_Respondents,tblE1rwPUjtxodIvZ,fldiRQClsE8OvevCE,Analyze_Applications_Top2,number,,,
rec1TzxKXlsqGkhMw,Survey_Respondents,tblE1rwPUjtxodIvZ,fldhZaskHZMe5C0dT,Analyze_Applications_Top3,number,,,
reccEhjKlKjicNFJJ,Survey_Respondents,tblE1rwPUjtxodIvZ,fldjI5jtAaqK1eL5f,Applications_Goals,singleSelect,,,
reccEkgJnD6E0k8wd,Survey_Respondents,tblE1rwPUjtxodIvZ,fld4SMSIXxCIS3Nrg,Applications_Goals_Top2,number,,,
recxOG7ZqozFPYEOM,Survey_Respondents,tblE1rwPUjtxodIvZ,fldBmgbNl7cw0ncFQ,Applications_Goals_Top3,number,,,
recmiJRnaLdGaooV9,Survey_Respondents,tblE1rwPUjtxodIvZ,fld4qw6eDfEq5IbU8,Approaches_Funding,singleSelect,,,
recMBthGrhk3YA93W,Survey_Respondents,tblE1rwPUjtxodIvZ,fldtXeN3L2BrsIArd,Approaches_Funding_Top2,number,,,
rec2dLoSA0xJeR9HS,Survey_Respondents,tblE1rwPUjtxodIvZ,fldKvlI1XOvwdOdyb,Approaches_Funding_Top3,number,,,
recvGjdIlAsEL8pDl,Survey_Respondents,tblE1rwPUjtxodIvZ,fldCanfYsQx8oxQGG,Assets_Challenges,singleSelect,,,
recutxVv9XdrWSKC5,Survey_Respondents,tblE1rwPUjtxodIvZ,fldne3C8Y2mpDIxm9,Assets_Challenges_Top2,number,,,
rec9rh8duI2VplLgx,Survey_Respondents,tblE1rwPUjtxodIvZ,fldfLbOn3W3OHigF7,Assets_Challenges_Top3,number,,,
recxKpVKRHFSBzcxq,Survey_Respondents,tblE1rwPUjtxodIvZ,fldPDYEnjb7gxrN1U,Balanced_Wishlist,singleSelect,,,
recDxPNU6EbsSQb3b,Survey_Respondents,tblE1rwPUjtxodIvZ,fld7zjHpUDWFNnVUk,Balanced_Wishlist_Top2,number,,,
recNLPEgkfL6lL1bL,Survey_Respondents,tblE1rwPUjtxodIvZ,fldwx6KJyGOtvLQdU,Balanced_Wishlist_Top3,number,,,
rec78q5eJ1q6hloKV,Survey_Respondents,tblE1rwPUjtxodIvZ,fldXilWoHpON2NzjJ,Breakdown_Applications,singleSelect,,,
recvE5PFTnrrBTzz2,Survey_Respondents,tblE1rwPUjtxodIvZ,fldZgwHKkbykuNk4Y,Breakdown_Applications_Top2,number,,,
recxS7fZSK98OB6fa,Survey_Respondents,tblE1rwPUjtxodIvZ,fldqt6hVoB07ZROPo,Breakdown_Applications_Top3,number,,,
recPp5M81ESKyWe5o,Survey_Respondents,tblE1rwPUjtxodIvZ,flduljSxLJ2GeSLfp,Career_Interests,multilineText,,,
recQomPCN4hFdvUry,Survey_Respondents,tblE1rwPUjtxodIvZ,fldvjIkulGiT3UmWG,Changes_Seminar,multilineText,,,
recLYF8AFC7eCKcMr,Survey_Respondents,tblE1rwPUjtxodIvZ,fldY7gqX7YInyIK3X,Choice_Filled,singleSelect,,,
rec0gvzRncEpLubGg,Survey_Respondents,tblE1rwPUjtxodIvZ,fldbhAuw2p3jBezbU,Choice_Filled_Top2,number,,,
recSaEcVQKNf40m9X,Survey_Respondents,tblE1rwPUjtxodIvZ,fldokQuXvEDPt6s2a,Choice_Filled_Top3,number,,,
recaUbibh78IbSZ7w,Survey_Respondents,tblE1rwPUjtxodIvZ,fld4R126GKxZyTvXD,City (from School_Link),multipleSelects,,,
recZOyPOswTL5ASdG,Survey_Respondents,tblE1rwPUjtxodIvZ,fldguxHxMJHhU4fO6,College_Career_Financial_Decisions,singleSelect,,,
reccDoK9EnGHwV1lz,Survey_Respondents,tblE1rwPUjtxodIvZ,fldhqPhmtz97woUsr,College_Career_Financial_Decisions_Top2,number,,,
recfNmH1tuiTdWTBi,Survey_Respondents,tblE1rwPUjtxodIvZ,fldPALbymJRWrnu8O,College_Career_Financial_Decisions_Top3,number,,,
recmVJdl89y5czUG8,Survey_Respondents,tblE1rwPUjtxodIvZ,fldJJiMC7QvI6hxOc,Colorado: Select Your School,singleSelect,,,
recqwLUPkgY8koRXL,Survey_Respondents,tblE1rwPUjtxodIvZ,fldxPEjJDHgaGsZLX,Community_Networking,singleSelect,,,
recUVkHGFceJwljxe,Survey_Respondents,tblE1rwPUjtxodIvZ,fld5I7KLvWZyQgfQu,Community_Networking_Top2,number,,,
recDiIVbcaSIfvOsn,Survey_Respondents,tblE1rwPUjtxodIvZ,fld5Z28jbRWFm5btf,Community_Networking_Top3,number,,,
recVTg0YZSvadR9KC,Survey_Respondents,tblE1rwPUjtxodIvZ,fldlbPgLWoVTWFgsX,Completion time,dateTime,,,
recAlJNtvIazjT5xo,Survey_Respondents,tblE1rwPUjtxodIvZ,fldcLOR2pjsreu5Nd,Connect_Interests,singleSelect,,,
rec64DNhkZ8gl4x3B,Survey_Respondents,tblE1rwPUjtxodIvZ,fldByrWv5a80ZyJMy,Connect_Interests_Top2,number,,,
recW3E6iz98QLtqsx,Survey_Respondents,tblE1rwPUjtxodIvZ,fldIW88jq3AWpbdcJ,Connect_Interests_Top3,number,,,
reckxgegFlvsSYNuP,Survey_Respondents,tblE1rwPUjtxodIvZ,fld6rvY5IrpVX4vSe,DC: Select Your School,singleSelect,,,
recgBmRGBqiKLTrgh,Survey_Respondents,tblE1rwPUjtxodIvZ,fldZFsNofhyuVmFKs,Delta: Select Your School,singleSelect,,,
recFeXPS68OFu5cR6,Survey_Respondents,tblE1rwPUjtxodIvZ,fldTLQBXWscE3vb97,Dominant_Culture,singleSelect,,,
recsD9Ev0Fv2jjHVc,Survey_Respondents,tblE1rwPUjtxodIvZ,fldKSE9AjavD4gWul,Dominant_Culture_Top2,number,,,
recuBlWp2s2e4x8od,Survey_Respondents,tblE1rwPUjtxodIvZ,fldXnjqxIIgknZ8Kf,Dominant_Culture_Top3,number,,,
rec8tbyGbv4S1dmfr,Survey_Respondents,tblE1rwPUjtxodIvZ,fld7MJx1bbJnoP3JR,Education_Plans,multilineText,,,
recTgt1yx6UuyBDHq,Survey_Respondents,tblE1rwPUjtxodIvZ,fldaH5aNfoalMw3xH,Email,singleSelect,,,
recLjqzUKqzWnrcAS,Survey_Respondents,tblE1rwPUjtxodIvZ,fldgMhmFHTUbAOjhW,Emotions_Habits,singleSelect,,,
recalrpyHyC2WfsfR,Survey_Respondents,tblE1rwPUjtxodIvZ,fldMyyIdynRPBJP0v,Emotions_Habits_Top2,number,,,
recYg5m97D9HjZskO,Survey_Respondents,tblE1rwPUjtxodIvZ,fldKUd1YVSlWhhA9z,Emotions_Habits_Top3,number,,,
recsIYWxTrxyNDvx0,Survey_Respondents,tblE1rwPUjtxodIvZ,fldoenRoI1kIhnqsb,Error_Expanding_Message,multilineText,,,
recDt7um7UHT83xOL,Survey_Respondents,tblE1rwPUjtxodIvZ,fldrrxl5TKWujgVR5,Evaluate_Costs,singleSelect,,,
rec4iUJxnkqUdnwaP,Survey_Respondents,tblE1rwPUjtxodIvZ,fldxRkG2PkzZQbnel,Evaluate_Costs_Top2,number,,,
rec4X9H0sFmI9XdQ9,Survey_Respondents,tblE1rwPUjtxodIvZ,flddUdCc7dPFltYYS,Evaluate_Costs_Top3,number,,,
receNGim7mtDjGars,Survey_Respondents,tblE1rwPUjtxodIvZ,fldglZ4R2ejjQuZ0w,Expanded_Datetime,dateTime,,,
rec8gdnpt8WeUQFl9,Survey_Respondents,tblE1rwPUjtxodIvZ,fldqCire7gAeZirH0,Financial_Literacy,singleSelect,,,
recvmo08v2HbRdUfm,Survey_Respondents,tblE1rwPUjtxodIvZ,fld2nduDtu9Q4VMZc,Financial_Literacy_Top2,number,,,
recIpIJkpnzXBqP7n,Survey_Respondents,tblE1rwPUjtxodIvZ,fld8lj3Z4yFQxUSLu,Financial_Literacy_Top3,number,,,
recWO99qGmuM4t1zp,Survey_Respondents,tblE1rwPUjtxodIvZ,fldkPIg2r01V4L8nO,Full_School_Name,multipleLookupValues,,,
rec6ncXV3VzH2auo9,Survey_Respondents,tblE1rwPUjtxodIvZ,fldUnUs5Bnp4hHzbq,Gender,singleLineText,,,
rec92Tpb59ZmLtCj0,Survey_Respondents,tblE1rwPUjtxodIvZ,fldL1nV1coFzXHUZE,Gender_Select,multipleSelects,,,
rec136aHc26Jhz2uO,Survey_Respondents,tblE1rwPUjtxodIvZ,fldBJKHgRr9BqH1GF,Goals_ACT_SAT_GPA,singleSelect,,,
recu5RlDrIuae4ii9,Survey_Respondents,tblE1rwPUjtxodIvZ,fldMZvnEsbdZdiuAY,Goals_ACT_SAT_GPA_Top2,number,,,
rec4ILw1lJMZydRXv,Survey_Respondents,tblE1rwPUjtxodIvZ,fldvBNirj2bqQ4093,Goals_ACT_SAT_GPA_Top3,number,,,
recQHgoFMjqwbXv1n,Survey_Respondents,tblE1rwPUjtxodIvZ,fld9qgA0NXCHqjSmp,ID,number,,,
recTGmw4mRJLgk2Yq,Survey_Respondents,tblE1rwPUjtxodIvZ,fldHUk7yz4mQBK7UJ,Identify_Barriers,singleSelect,,,
rec0g7C1jYDUsstIz,Survey_Respondents,tblE1rwPUjtxodIvZ,fldNHbmsU5qLiBBpt,Identify_Barriers_Top2,number,,,
recgMKNeyhD99RxGs,Survey_Respondents,tblE1rwPUjtxodIvZ,fldhFOz7prLIK0bH5,Identify_Barriers_Top3,number,,,
recgo9Zlh5Nmif4b1,Survey_Respondents,tblE1rwPUjtxodIvZ,fldeztHvhH0f2t6LO,Identify_Supports,singleSelect,,,
recZLVgnKTm4E9mz8,Survey_Respondents,tblE1rwPUjtxodIvZ,fldk8i0cAUrvE8Pti,Identify_Supports_Top2,number,,,
recaNCWEwPgud209G,Survey_Respondents,tblE1rwPUjtxodIvZ,fld4SMeqJxXfZKfgi,Identify_Supports_Top3,number,,,
rec9NJzZXa2XVFpxf,Survey_Respondents,tblE1rwPUjtxodIvZ,fldn2EW4dHbvjCyP3,Improve_ACT_SAT,singleSelect,,,
recmYGm7WzFkfThD3,Survey_Respondents,tblE1rwPUjtxodIvZ,fldB1H8FJ4xQ0nkUi,Improve_ACT_SAT_Top2,number,,,
recj9y0Q8hM3yiN5R,Survey_Respondents,tblE1rwPUjtxodIvZ,fldvFnLIOOtUFLKw7,Improve_ACT_SAT_Top3,number,,,
recgC2oVSCrXrsV9l,Survey_Respondents,tblE1rwPUjtxodIvZ,fldCkdO99OldLi44q,Independent_Action,singleSelect,,,
recPRRYnzUpPSIdm3,Survey_Respondents,tblE1rwPUjtxodIvZ,fld7GoYsyVEwf8wG4,Independent_Action_Top2,number,,,
recxkL9q9OL7aWqUL,Survey_Respondents,tblE1rwPUjtxodIvZ,fld4jn1e4yuIl21X7,Independent_Action_Top3,number,,,
recBjja0LRrS17Dcu,Survey_Respondents,tblE1rwPUjtxodIvZ,fldwGeKPYX7ymBPfH,Just_World,singleSelect,,,
recjMQHLoVnZ5OvnM,Survey_Respondents,tblE1rwPUjtxodIvZ,fldgNAmfkis53YfCP,Just_World_Top2,number,,,
recMy2k6RgLeU7iQy,Survey_Respondents,tblE1rwPUjtxodIvZ,fld9bg1YXkO06znVm,Just_World_Top3,number,,,
rec4yC8bDQcglAku9,Survey_Respondents,tblE1rwPUjtxodIvZ,fldfZIVxEzT42dbKZ,Key_Takeaways,multilineText,,,
recyFQQh6yrIIKubD,Survey_Respondents,tblE1rwPUjtxodIvZ,fldrP9CYZu7htEb7C,Labor_Market,singleSelect,,,
recitmb67kikueYvp,Survey_Respondents,tblE1rwPUjtxodIvZ,flddduIzOlx0IQbh3,Labor_Market_Top2,number,,,
reczYzbtR445SsfvC,Survey_Respondents,tblE1rwPUjtxodIvZ,fldYfURfUZ6TeAgO8,Labor_Market_Top3,number,,,
rec15ul6yt3A3JN52,Survey_Respondents,tblE1rwPUjtxodIvZ,fldhO6bI9YliSBGBQ,Massachusetts: Select Your School,singleLineText,,,
recMZHnePLE3JsQqy,Survey_Respondents,tblE1rwPUjtxodIvZ,fldw0YfOELF194U1g,Name,singleLineText,,,
recoeXez73gkY4Xf4,Survey_Respondents,tblE1rwPUjtxodIvZ,fldI2DzW9E4suQOc9,Network_Support,singleSelect,,,
recTae6PQyFjheQWH,Survey_Respondents,tblE1rwPUjtxodIvZ,fldth1nTnEMSJaed9,Network_Support_Top2,number,,,
recGSC0ql27YBrSTe,Survey_Respondents,tblE1rwPUjtxodIvZ,fld3SDTj86Ouf1BJC,Network_Support_Top3,number,,,
recsoDgxpVh4Pmh5B,Survey_Respondents,tblE1rwPUjtxodIvZ,fldF7pgeAJIfR3ife,New Jersey/Miami: Select Your School,singleSelect,,,
recSXRn5sRlx0DwLy,Survey_Respondents,tblE1rwPUjtxodIvZ,fld3vI51faeVmcHJi,New Orleans: Select Your School,singleLineText,,,
recFf7Rk0ZbXfnTty,Survey_Respondents,tblE1rwPUjtxodIvZ,fldrB5XjLDUyd4Ivc,NorCal: Select Your School,singleLineText,,,
recDKDzLuizEyPNzp,Survey_Respondents,tblE1rwPUjtxodIvZ,fldujSCY2xVlEbhkX,Optional_Email,singleLineText,,,
reciu3SLSdQT8jcC5,Survey_Respondents,tblE1rwPUjtxodIvZ,fldxLtNUt7MWumYo4,Optional_Interview,singleSelect,,,
recDtimQSv0D6x79R,Survey_Respondents,tblE1rwPUjtxodIvZ,fldzh2mzZhVLoZzea,Optional_Survey,singleLineText,,,
recvclVNFFADZlfaq,Survey_Respondents,tblE1rwPUjtxodIvZ,fldNzKTRzloMTgi5f,Overcome_Challenges,singleSelect,,,
recdsZ5Ksoi3PB0f7,Survey_Respondents,tblE1rwPUjtxodIvZ,fldcnl1YDwXh68R0I,Overcome_Challenges_Top2,number,,,
rec9qV6rva5mAUIwj,Survey_Respondents,tblE1rwPUjtxodIvZ,fldVlonRlGDrZ6jPk,Overcome_Challenges_Top3,number,,,
recs7IPc3fEV3pY1I,Survey_Respondents,tblE1rwPUjtxodIvZ,fldi0lgvS4qg7ZNxh,Ownership_Funding,singleSelect,,,
recwKmnOIWMNfDCXm,Survey_Respondents,tblE1rwPUjtxodIvZ,fldA5idS2vefLMDUA,Ownership_Funding_Top2,number,,,
recGksIGC29btqqzu,Survey_Respondents,tblE1rwPUjtxodIvZ,fldDI64MVLO8e12lX,Ownership_Funding_Top3,number,,,
recs8qcnfN9jMEy2w,Survey_Respondents,tblE1rwPUjtxodIvZ,fldTX0YS8j4cAsVFT,Persevere_Goals,singleSelect,,,
reclAvxDK1LC74fbF,Survey_Respondents,tblE1rwPUjtxodIvZ,fldtT9BM6sZLVkzJq,Persevere_Goals_Top2,number,,,
recn8QpQm1aagYpdI,Survey_Respondents,tblE1rwPUjtxodIvZ,fldV6ZXVs9dvEdFa3,Persevere_Goals_Top3,number,,,
recIanibE7mjCBlOe,Survey_Respondents,tblE1rwPUjtxodIvZ,fldu97M1XVSvUqOSd,Plan_Prosperous,singleSelect,,,
recGzhOpPstHZaGFa,Survey_Respondents,tblE1rwPUjtxodIvZ,fldlqvzQBw7LdCoxK,Plan_Prosperous_Top2,number,,,
recEnxar0h23y69yH,Survey_Respondents,tblE1rwPUjtxodIvZ,fld2jC5UTGzm2e5Iy,Plan_Prosperous_Top3,number,,,
recLDORr124sl7KPb,Survey_Respondents,tblE1rwPUjtxodIvZ,fldZtj3MfonQePezX,Postsec_Goals,singleSelect,,,
recLifrpfPHDvOikd,Survey_Respondents,tblE1rwPUjtxodIvZ,flduyFawBS44mUuDM,Postsec_Goals_Top2,number,,,
recvhktMwMLR2DVdR,Survey_Respondents,tblE1rwPUjtxodIvZ,fld2cDxsmUTMy3G8U,Postsec_Goals_Top3,number,,,
recRlcg1WG0zpHbbc,Survey_Respondents,tblE1rwPUjtxodIvZ,fldtoKoKkJgRYbGms,Professional_Brand,singleSelect,,,
recIZfny1VCtg5A1C,Survey_Respondents,tblE1rwPUjtxodIvZ,fldkzM0jFtw7xamVT,Professional_Brand_Top2,number,,,
recUXspZj219FLVHV,Survey_Respondents,tblE1rwPUjtxodIvZ,fldUzQ1H0uhVcOekM,Professional_Brand_Top3,number,,,
recRinaocVyOM023u,Survey_Respondents,tblE1rwPUjtxodIvZ,fldvFLrNDFVg4j1j8,Race_Ethnicity,singleLineText,,,
recZv4ICIfzQAZ83N,Survey_Respondents,tblE1rwPUjtxodIvZ,fldubpxTRBvPS7Mjo,Race_Multiselect,multipleSelects,,,
recPsDKqervOHItf4,Survey_Respondents,tblE1rwPUjtxodIvZ,fldP0XfhdOSz2GUgy,Recognize_Emotions,singleSelect,,,
recIlN6F1pgTceuXe,Survey_Respondents,tblE1rwPUjtxodIvZ,fldH1HLo0jbrQRVHe,Recognize_Emotions_Top2,number,,,
recv4aenvVdpbuVmI,Survey_Respondents,tblE1rwPUjtxodIvZ,fldBnGxuJmJYuCbXF,Recognize_Emotions_Top3,number,,,
recdx9amWIKQQZuUY,Survey_Respondents,tblE1rwPUjtxodIvZ,fldeJOewUUnif5YfN,Region (from School_Link),singleLineText,,,
recS5CzT2aOC0ij5u,Survey_Respondents,tblE1rwPUjtxodIvZ,fld5zN9bjjqIGZmTE,Region_Link,multipleRecordLinks,checked,tblKXWbABAC2WoXCn,Regions
recoqouPfjFRNFnBx,Survey_Respondents,tblE1rwPUjtxodIvZ,fldD8DT3asd1E1TEm,Relate_Career_Goals,singleSelect,,,
recsAaxvM2F4PJQIr,Survey_Respondents,tblE1rwPUjtxodIvZ,fldlkkXYH6eG8zO2D,Relate_Career_Goals_Top2,number,,,
reczOKUNLIia3cgws,Survey_Respondents,tblE1rwPUjtxodIvZ,fldtTGNnjQVwwpJjU,Relate_Career_Goals_Top3,number,,,
recIEEi5k6QmbhCUY,Survey_Respondents,tblE1rwPUjtxodIvZ,fldLqTNZ6c6q7ztap,Respondent_Key,multilineText,,,
recZTYTrgyyTN07j7,Survey_Respondents,tblE1rwPUjtxodIvZ,fldcIVMwaFqpBMK60,School_AT_ID (from School_Link),singleLineText,,,
recOFbvTdcNddoRoL,Survey_Respondents,tblE1rwPUjtxodIvZ,fldxSnEIzVMtThvEt,School_Link,multipleRecordLinks,checked,tblTyVLW0R8MxmQ0S,Schools
recJh4dE3ZlifuzQY,Survey_Respondents,tblE1rwPUjtxodIvZ,fldGonH7njJypkn4T,School_Name,multipleLookupValues,,,
recHyMgWFPDR2lHZS,Survey_Respondents,tblE1rwPUjtxodIvZ,fldPpiy9gPEVoFAWn,School_Name (from School_Link),singleLineText,,,
recEFPRVbyXw8swLq,Survey_Respondents,tblE1rwPUjtxodIvZ,fldlCOpW0uRjJnFBE,Select the KIPP Region where you attend or attended ,singleSelect,,,
recXq3hPlZDC5bOjX,Survey_Respondents,tblE1rwPUjtxodIvZ,fldrBvHLewKvVsHRx,Select Your Grade,singleSelect,,,
recrojIT6qfvyzxcA,Survey_Respondents,tblE1rwPUjtxodIvZ,fldY6Wk1IoTGcB94b,Set_Goals,singleSelect,,,
recF8z4v9bXdXWYQe,Survey_Respondents,tblE1rwPUjtxodIvZ,fldNUWZJAk3WHdZCW,Set_Goals_Top2,number,,,
reczp15OMsaRr2jOe,Survey_Respondents,tblE1rwPUjtxodIvZ,fld2cqLT7xBE5MCjo,Set_Goals_Top3,number,,,
recZsU0vbKe1bHyuK,Survey_Respondents,tblE1rwPUjtxodIvZ,fldNkN1Vn630sfyZB,Sound_Financial_Decisions,singleSelect,,,
recIRx1cHsBXaTFnP,Survey_Respondents,tblE1rwPUjtxodIvZ,fld19zc0ilYxp0U5e,Sound_Financial_Decisions_Top2,number,,,
recDAEDstwCMnuMIr,Survey_Respondents,tblE1rwPUjtxodIvZ,fldG5ofmyPLpFmc7Y,Sound_Financial_Decisions_Top3,number,,,
rece72AvcMUbkFgzL,Survey_Respondents,tblE1rwPUjtxodIvZ,flducTAiwp1fRTGGY,Sources_Funding,singleSelect,,,
recfVn5yoq2nXPHZH,Survey_Respondents,tblE1rwPUjtxodIvZ,flddfkygSDPpICMMo,Sources_Funding_Top2,number,,,
recp8zf2jZEGmehnS,Survey_Respondents,tblE1rwPUjtxodIvZ,fldvyMjhY7aqQyxYG,Sources_Funding_Top3,number,,,
rec8xW747lqEtbkMb,Survey_Respondents,tblE1rwPUjtxodIvZ,fldebid9eOrRF3Zy1,Start time,dateTime,,,
recpTxl5Dlq5Rcl7x,Survey_Respondents,tblE1rwPUjtxodIvZ,fldl0pmesgVDkBlly,Status,singleSelect,,,
recQ8qNh39AVxQlpM,Survey_Respondents,tblE1rwPUjtxodIvZ,fldp1iDY3Kx41wO8l,Student_Item_Comments,multipleRecordLinks,checked,tbla8CWwKDBuQwmtq,Survey_Item_Comments
recPSJuQQ2Aiye70V,Survey_Respondents,tblE1rwPUjtxodIvZ,fldq4YrG0dZcei6zt,Student_Response_AT_ID,multilineText,,,
recKaraU7CLJejRNY,Survey_Respondents,tblE1rwPUjtxodIvZ,flds0eebITEcENQ0y,Survey_Admin,singleSelect,,,
recZj2YQ2ZeBREu1z,Survey_Respondents,tblE1rwPUjtxodIvZ,fldoHxMOpi1hMmLIJ,Survey_Item_Responses,singleLineText,,,
recyVQgCefs3cqTjV,Survey_Respondents,tblE1rwPUjtxodIvZ,fldye4zUoQ0z1gHXU,Survey_Responses,singleLineText,,,
recrYriZN9cZ3BRuL,Survey_Respondents,tblE1rwPUjtxodIvZ,fldCjB9j9OaaGPMgj,Systems_Power,singleSelect,,,
recvHuTHwQCbNCNvN,Survey_Respondents,tblE1rwPUjtxodIvZ,fldDMuZzTq5jlXpdr,Systems_Power_Top2,number,,,
recInd3MNW3E23Hoz,Survey_Respondents,tblE1rwPUjtxodIvZ,fldGU6zxpF8jw4O78,Systems_Power_Top3,number,,,
recVVUu0lGnOqBBeK,Survey_Respondents,tblE1rwPUjtxodIvZ,fldbwrYCvdXxzY1zd,Test_Strategies,singleSelect,,,
recpSGjC5eDoy8N20,Survey_Respondents,tblE1rwPUjtxodIvZ,fldYeRCYrYDj3mBjt,Test_Strategies_Top2,number,,,
recSdMnr6loujy9NK,Survey_Respondents,tblE1rwPUjtxodIvZ,fldVNZTzQZ2SdmasY,Test_Strategies_Top3,number,,,
recYkowNzaAgN1ITl,Survey_Respondents,tblE1rwPUjtxodIvZ,fldLb6n8nhgX9CAGE,Texas: Select Your School,singleSelect,,,
recjTnqiGTpdkfKvY,Survey_Respondents,tblE1rwPUjtxodIvZ,fldBHmuc8rwvndyJp,Three_Topics,singleLineText,,,
recJDLOCvT7i0hA8w,Survey_Respondents,tblE1rwPUjtxodIvZ,fldNysny773jL7gHP,Understand_ACT_SAT,singleSelect,,,
recfm80NXrnRQbPYX,Survey_Respondents,tblE1rwPUjtxodIvZ,fldr7uP0GZKlFzaCD,Understand_ACT_SAT_Top2,number,,,
rechR5NKWKL33dpv5,Survey_Respondents,tblE1rwPUjtxodIvZ,fldufrpegBx5tWBH3,Understand_ACT_SAT_Top3,number,,,
rec4dG6cDgLDEDq3O,Survey_Respondents,tblE1rwPUjtxodIvZ,fldQI1utiO8ttmL2C,Understand_PostSec_Landscape,singleSelect,,,
rec1sfNBTWKsk7wFv,Survey_Respondents,tblE1rwPUjtxodIvZ,fldLB1vsnr7GIIzXN,Understand_PostSec_Landscape_Top2,number,,,
rec7aTwIgTNmm7IFT,Survey_Respondents,tblE1rwPUjtxodIvZ,fldFI2SYwiVDB1Z7c,Understand_PostSec_Landscape_Top3,number,,,
recc2HxvXVsnLkdfA,Survey_Respondents,tblE1rwPUjtxodIvZ,fld1CZcyIey9XFlre,Value_Diversity,singleSelect,,,
rec7y0N75XAJVvrak,Survey_Respondents,tblE1rwPUjtxodIvZ,fldUHPr5QUA2NWeZj,Value_Diversity_Top2,number,,,
recPArrDClAY107eH,Survey_Respondents,tblE1rwPUjtxodIvZ,fldQTMQeH9o5vl0GQ,Value_Diversity_Top3,number,,,
rec5onJFwC4iMhDD8,Survey_Respondents,tblE1rwPUjtxodIvZ,fldNY42SQPwWqycCF,Workplace_Expectations,singleSelect,,,
recbNvOctlg2SWwQd,Survey_Respondents,tblE1rwPUjtxodIvZ,fldR8MboJP7IAyB0C,Workplace_Expectations_Top2,number,,,
rec4QvN4ooqVYU3m5,Survey_Respondents,tblE1rwPUjtxodIvZ,fldUHG9mcmdSPosdU,Workplace_Expectations_Top3,number,,,
recrgh8spPTyFaX83,Survey_Administrations,tblErTZCOOpH0S4Xd,fld5EFKq8b8SgDRjG,Item_Responses_Rollup,rollup,,,
rec5KItPUTb0GVowp,Survey_Administrations,tblErTZCOOpH0S4Xd,fldKDLwertpLMP9k1,Name,singleLineText,,,
recfaW42xOv48y7JG,Survey_Administrations,tblErTZCOOpH0S4Xd,fldWvruC72T6PN8sv,School Year,singleSelect,,,
recASnFg57LTOZ0y0,Survey_Administrations,tblErTZCOOpH0S4Xd,fldmXUTNXmSlSzWas,School_AT_ID (from School_Links),multipleLookupValues,,,
recZsTqrOwzbhld1A,Survey_Administrations,tblErTZCOOpH0S4Xd,fldQdQjlixNzBcllf,School_Links,multipleRecordLinks,checked,tblTyVLW0R8MxmQ0S,Schools
recJNPqwLVecUKvAY,Survey_Administrations,tblErTZCOOpH0S4Xd,fldrcESd7twPUY9iY,Schools_Included,rollup,,,
rec1G6d2ZssBwWENh,Survey_Administrations,tblErTZCOOpH0S4Xd,fldusOhHK20Xoun9M,Seminar Grade,singleSelect,,,
recL5KqwQK9W7z7dQ,Survey_Administrations,tblErTZCOOpH0S4Xd,fldkimhwJiDHMo1pM,Survey_Admin_AT_ID,formula,,,
recaJcpoJjKg90pDN,Survey_Administrations,tblErTZCOOpH0S4Xd,fldmvDG0gFiTcfBFX,Survey_Items,multipleRecordLinks,checked,tbl9lguOzNO8VjMvY,Survey_Items
recAg2GszmQUP3M42,Survey_Administrations,tblErTZCOOpH0S4Xd,fld2fpXvqfTCCRtZB,Survey_Items_Rollup,multilineText,,,
recsydOtQ11Z4kxsy,Survey_Administrations,tblErTZCOOpH0S4Xd,fld3tuBr5SX6AekhW,Survey_Items_Rollup copy,multilineText,,,
recmW2f0KYM2f81zx,Survey_Administrations,tblErTZCOOpH0S4Xd,fldIfEhK96TwynlKH,Survey_Results_School_Item,singleLineText,,,
rec6FUHgNyYZRkabU,Survey_Administrations,tblErTZCOOpH0S4Xd,fldXhg4ZfF9jC7dVI,Survey_Results_School_Item_Source,multipleRecordLinks,checked,tblwEdi9EQhCsixNd,Survey_School_Item_Results
recc7khGj09lZ9RJ1,Schema_Registry,tblh7nH6NpGC1Qvsa,fld39sI8BXbraXM5v,Field_ID,singleLineText,,,
rec9OhdSGwnV6b2k3,Schema_Registry,tblh7nH6NpGC1Qvsa,fld6ig5mLEqeKDJ3K,Field_Name,singleLineText,,,
recK4LAJfTsXgqvJ8,Schema_Registry,tblh7nH6NpGC1Qvsa,fldaHM9tvB9VoVp84,Field_Type,singleLineText,,,
recrK7UqVNK1Y4xV3,Schema_Registry,tblh7nH6NpGC1Qvsa,fld4650Bjk75zCDWV,Is_Linked_Field,checkbox,,,
recTLE7QJnIvhCQvH,Schema_Registry,tblh7nH6NpGC1Qvsa,fldGDEdBx1J3424S7,Linked_Table,singleLineText,,,
recVKwdbeaw33XvtG,Schema_Registry,tblh7nH6NpGC1Qvsa,fldEeiaKO1Z7pb93Q,Linked_Table_ID,singleLineText,,,
recbujnLlRkFSA8y5,Schema_Registry,tblh7nH6NpGC1Qvsa,fldRk3Fk8YLGvej7C,Schema_AT_ID,formula,,,
recSMhL0qcns7pjOf,Schema_Registry,tblh7nH6NpGC1Qvsa,fldImgMmLfBxHXrQg,Table_ID,singleLineText,,,
rec211LWPhoTF7FH2,Schema_Registry,tblh7nH6NpGC1Qvsa,fldoJz7DCyU8o7HdL,Table_Name,singleLineText,,,
recRoPxt3KldT46uz,Survey_Network_Item_Results,tblHRzJxvjAk3735c,fldW1crTWk3nqTDGT,Domain (from Assessment_Item_Link),singleLineText,,,
rechtPp16vtGJ2wNv,Survey_Network_Item_Results,tblHRzJxvjAk3735c,fldtSogTOv1zrtN9D,Domain_Tags,multipleSelects,,,
recJE4bJ8VI3KhIvI,Survey_Network_Item_Results,tblHRzJxvjAk3735c,fld4I99vAnLAvZUrC,Item_Extract,formula,,,
rechsrYrAB7PqMr4M,Survey_Network_Item_Results,tblHRzJxvjAk3735c,fldElH8Gk9LbxqwsP,Item_Type,multipleSelects,,,
recwnI2JrvLiToUxJ,Survey_Network_Item_Results,tblHRzJxvjAk3735c,fld2a9LeO0htQTH9R,Network_Agree_Count,formula,,,
rec3N42RlDCbldgCM,Survey_Network_Item_Results,tblHRzJxvjAk3735c,fldb7wEFg7ew5acgj,Network_Blanks,rollup,,,
rec2tb5QbXwJqYwpj,Survey_Network_Item_Results,tblHRzJxvjAk3735c,fld9DzoDDk1EPuXMV,Network_Item_Responses,rollup,,,
recf6KLJdFv75Elau,Survey_Network_Item_Results,tblHRzJxvjAk3735c,fldM3FG0pDZx9ZnkY,Network_Negative_Count,formula,,,
recS7bOFGhti66bix,Survey_Network_Item_Results,tblHRzJxvjAk3735c,fldcAlBYqZusZ6qE0,Network_Neutral_Count,formula,,,
recVhI1VoNvc0EILl,Survey_Network_Item_Results,tblHRzJxvjAk3735c,fldy8VuWb2v6f0RUe,Network_Respondents,rollup,,,
rec3X06EP55qaB5If,Survey_Network_Item_Results,tblHRzJxvjAk3735c,fldflky4bej4A1O1U,Network_Strongly_Agree_Count,formula,,,
rec9BF4rzh0jN9IyJ,Survey_Network_Item_Results,tblHRzJxvjAk3735c,fldBO33zNCn1jpAmO,Network_Survey_Item_Result_Key,singleLineText,,,
recbYfnBI8uftHu97,Survey_Network_Item_Results,tblHRzJxvjAk3735c,fldREcXbR6ewAke3p,Network_Top_1,rollup,,,
recbQ3E2KSmKxAKjK,Survey_Network_Item_Results,tblHRzJxvjAk3735c,fldLIabqyRDnj8FLP,Network_Top_1_Percent,formula,,,
recOgwIg3qp2ndgWe,Survey_Network_Item_Results,tblHRzJxvjAk3735c,fld8QB4TCTwjoDjll,Network_Top_2,rollup,,,
recie4GNWKuNlsAeP,Survey_Network_Item_Results,tblHRzJxvjAk3735c,fldddgOPSA7qrECLZ,Network_Top_2_Percent,formula,,,
recmmPm3BaAhux3Ef,Survey_Network_Item_Results,tblHRzJxvjAk3735c,fld9vmrPflDS9Iv87,Network_Top_3,rollup,,,
recwUUVq1qhdDHORf,Survey_Network_Item_Results,tblHRzJxvjAk3735c,fldDezBaU4mScxr7U,Network_Top_3_Percent,formula,,,
recPV7z02GF6X0Is9,Survey_Network_Item_Results,tblHRzJxvjAk3735c,fld4g0ZMfg8bkNJLw,Question_Type,multipleLookupValues,,,
rec6KLJby6NlJgkRf,Survey_Network_Item_Results,tblHRzJxvjAk3735c,fldfuRcHnGEkfrVlR,Standards_Code (from Assessment_Item_Link),singleLineText,,,
recA6jfnXbmq9bKKO,Survey_Network_Item_Results,tblHRzJxvjAk3735c,fld6IcHefvmfxsWFR,Standards_Tags,multipleSelects,,,
recyuL0CgbmNpjxEJ,Survey_Network_Item_Results,tblHRzJxvjAk3735c,fldVaVMU8S1dESPhY,Survey_Item_Link,multipleRecordLinks,checked,tbl9lguOzNO8VjMvY,Survey_Items
reca1le7tR7F2OaVD,Survey_Network_Item_Results,tblHRzJxvjAk3735c,fld7IcKIKE5YAOBV3,Survey_School_Item_Results,multipleRecordLinks,checked,tblwEdi9EQhCsixNd,Survey_School_Item_Results
recgL1qjwNaHQ6hD4,Survey_Publication_Log,tblivkJrNbr5Ej097,fldqxSErEY0TV1Rzz,Publication_Complete,number,,,
reci8Vg3liqIcq0cc,Survey_Publication_Log,tblivkJrNbr5Ej097,fldALThxfmxVLj6J2,Publication_Status_Closed,number,,,
recVPqP4fLTFm18oq,Survey_Publication_Log,tblivkJrNbr5Ej097,fldWjvZNRa883zuPr,Publication_Status_Published,number,,,
recu94dJQZprYlBrg,Survey_Publication_Log,tblivkJrNbr5Ej097,fldBu0jrFqavUGcqs,Publication_Status_Total,number,,,
recoK7gUqYbgmV5W0,Survey_Publication_Log,tblivkJrNbr5Ej097,fldDeGqjZUBPe24PA,School_ID_Extract,multilineText,,,
reccpezTF3hlwGI3c,Survey_Publication_Log,tblivkJrNbr5Ej097,fldSkykowYa83aOQY,School_Results_School_Item,singleLineText,,,
recw63tcCiePExnUZ,Survey_Publication_Log,tblivkJrNbr5Ej097,fldM6KSr69F7ldVpT,School_Year,singleSelect,,,
rec5qwworvOCNjZ5H,Survey_Publication_Log,tblivkJrNbr5Ej097,fldU9HOWZHDVrLqke,Schools,singleLineText,,,
recCicIQW0cy7mJGg,Survey_Publication_Log,tblivkJrNbr5Ej097,fld8Uqhyp4wg4eaYG,Status,singleSelect,,,
recSPnzZGIK4LCNzb,Survey_Publication_Log,tblivkJrNbr5Ej097,fldDlYYj5CivvkV1A,Survey_Publication_AT_ID,multilineText,,,
reckBccLmwbWFnTBO,Survey_Publication_Log,tblivkJrNbr5Ej097,fldx6TjKfFzSaaPop,Survey_Publication_Key,singleLineText,,,
rec458Z6rwlCp91qT,Survey_Publication_Log,tblivkJrNbr5Ej097,fldWTrAflzBqEN1l0,Survey_Results_School_Item_Source,multipleRecordLinks,checked,tblwEdi9EQhCsixNd,Survey_School_Item_Results
recdg8CvnD9Cnz24b,Regions,tblKXWbABAC2WoXCn,fldHOSwZFFYZu7T2B,Assessment_Results_Region_Item,multipleRecordLinks,checked,tblABodO1pkPkYU5F,Assessment_Results_Region_Item
recF8RyWu1IECTkKh,Regions,tblKXWbABAC2WoXCn,fld5SZ93gAR8DfvJO,Assessment_Results_Region_Item copy,singleLineText,,,
recMIWFfKKJwkkLlH,Regions,tblKXWbABAC2WoXCn,fldG2J2Vfeb9gvJKo,Assessment_Results_School_Item,singleLineText,,,
recx41yv5eUUUXfKT,Regions,tblKXWbABAC2WoXCn,fldUdh0LrRASKJjGt,Email_Domain,singleLineText,,,
reciJH7neeRoXV38U,Regions,tblKXWbABAC2WoXCn,fldkil8A1KtIqA8UQ,Region,singleSelect,,,
recimke9uGcDH7Heu,Regions,tblKXWbABAC2WoXCn,fldKn3eABKa4VaEdF,Region_Logo,multipleAttachments,,,
recFWyInHsQZ9MOxb,Regions,tblKXWbABAC2WoXCn,fldvcR5wzmj0oPGmB,Region_Name,singleLineText,,,
recous5cZYbpdSAKJ,Regions,tblKXWbABAC2WoXCn,fldaU3D9a3qEhmhSk,School_Name,multipleLookupValues,,,
reczxrzVL2dB60Spt,Regions,tblKXWbABAC2WoXCn,fldTaFzxdAFX7OPjD,Schools_Linked,multipleRecordLinks,checked,tblTyVLW0R8MxmQ0S,Schools
rec5wq754wCwaeLyY,Regions,tblKXWbABAC2WoXCn,fldjuMijBQXuyRIk5,Survey_City_Item_Results copy,singleLineText,,,
recD1Ymu6d8EhlqTk,Regions,tblKXWbABAC2WoXCn,fldMTAxP7oQla2y7V,Survey_Item_Comments,multipleRecordLinks,checked,tbla8CWwKDBuQwmtq,Survey_Item_Comments
recRwMGt2W6BaofCc,Regions,tblKXWbABAC2WoXCn,fldi8rjqC28JDP6Rb,Survey_Item_School_Results,singleLineText,,,
recLfKIokfpeeKCj6,Regions,tblKXWbABAC2WoXCn,fld46oG2B6jh3w1N7,Survey_Region_Item_Results,multipleRecordLinks,checked,tblstb7gvzW7yMmye,Survey_Region_Item_Results
recWyqYOTiL3f6Czd,Regions,tblKXWbABAC2WoXCn,fldf6ojJkf2UEpcYy,Survey_Region_Item_Results copy,multipleRecordLinks,checked,tblDtbKXeIFK9FxJF,Survey_City_Item_Results
recR7ky9GqVoYFzCn,Regions,tblKXWbABAC2WoXCn,fld7T3aLfB8IuCFYA,Survey_Respondents,multipleRecordLinks,checked,tblE1rwPUjtxodIvZ,Survey_Respondents
rec56JPsfkOIgr8vS,Regions,tblKXWbABAC2WoXCn,fldKwZz1xRXjkZagG,Survey_School_Item_Results,multipleRecordLinks,checked,tblwEdi9EQhCsixNd,Survey_School_Item_Results
recdAIpF6PE7zolsG,Regions,tblKXWbABAC2WoXCn,fldN0INzdvmU2KWY3,Users,singleLineText,,,
recBv6xrb7K9eTFDe,Assessment_Items,tblqIgPFR3mCHjQRo,fldKr3qP6jSuMbIGg,Assessment_Bank_Analysis_AT_ID,singleLineText,,,
recT4Yoa8FmkkH8Ca,Assessment_Items,tblqIgPFR3mCHjQRo,fldr0xkPw4Ntxgbwx,Assessment_Bank_Link,multipleRecordLinks,checked,tblwgM7tZ0e1sEpfX,Assessment_Banks
recvEeLgIJfvWivQj,Assessment_Items,tblqIgPFR3mCHjQRo,fldU08ZQIRzG8fBl4,Assessment_Bank_Report_AT_ID,formula,,,
recLyPPKrMfBGbf9n,Assessment_Items,tblqIgPFR3mCHjQRo,fldHcON6VS7fFWVhf,Assessment_ID,singleSelect,,,
recSxDTzn4tTXo946,Assessment_Items,tblqIgPFR3mCHjQRo,fld1CVGc5h3yOCtiE,Assessment_Import_Item_Map,singleLineText,,,
recbjzId8SGTrWMok,Assessment_Items,tblqIgPFR3mCHjQRo,fldgAsYZ7SQPQhgd3,Assessment_Responses,singleLineText,,,
recotdVTVFxAogcg2,Assessment_Items,tblqIgPFR3mCHjQRo,fldpPnGEEwrqR1OqG,Assessment_Results_Region_Item,singleLineText,,,
recmtF8uKYCS0RL7T,Assessment_Items,tblqIgPFR3mCHjQRo,fld2xMgvEtkGCspDD,Assessment_Results_Region_Item 2,multipleRecordLinks,checked,tblABodO1pkPkYU5F,Assessment_Results_Region_Item
recHpGkIUoxMIa9WQ,Assessment_Items,tblqIgPFR3mCHjQRo,fldqBTTzfodPLA1kQ,Assessment_Results_Region_Item copy,multipleRecordLinks,checked,tblYFvQSCkdYt6wMS,Assessment_Results_City_Item
rec7IYxhTsZokK6Pa,Assessment_Items,tblqIgPFR3mCHjQRo,fldPCtnBa45QhMvO7,Assessment_Results_School_Item,singleLineText,,,
recq9hASHUppab9Ew,Assessment_Items,tblqIgPFR3mCHjQRo,fldOqaAxug6ESz99d,Column_Key (from Assessment_Import_Item_Map),singleLineText,,,
rechxBGyoZKQTon4Z,Assessment_Items,tblqIgPFR3mCHjQRo,fldj1YJEjtcNbY1EG,Correct_MC_Flat,multilineText,,,
recOomRXeFqujXIJK,Assessment_Items,tblqIgPFR3mCHjQRo,fldKT8A1rOdZ2rPUa,Correct_MC_Response,multipleSelects,,,
recaomMQcNqL7Q6pq,Assessment_Items,tblqIgPFR3mCHjQRo,fldQQqDq7KY5M4lDi,Correct_Response_Text,singleLineText,,,
recuf7Q9wfiTY13mi,Assessment_Items,tblqIgPFR3mCHjQRo,fld1KgweTT62N7OEd,Domain,singleLineText,,,
recmeKAssPAmJFXHx,Assessment_Items,tblqIgPFR3mCHjQRo,fldB6tMhh2IWyrxh1,Domain_Multi_Select,multipleSelects,,,
recu8W4OhBQrnJD3T,Assessment_Items,tblqIgPFR3mCHjQRo,fldBJGTxjJnaamOns,Grade,singleSelect,,,
recyEc6vmHcaPXbTW,Assessment_Items,tblqIgPFR3mCHjQRo,fldN3MBVrbLZev5g2,Item_AT_ID,multilineText,,,
rec4dBlrAMtmtqH6x,Assessment_Items,tblqIgPFR3mCHjQRo,fldoE9cpop72l3Mig,Item_Display_Label,multilineText,,,
recsUx6mCsFhZqn2a,Assessment_Items,tblqIgPFR3mCHjQRo,fld3XO0HHDImkAX0i,Item_Label,singleLineText,,,
reciAJ6vwdIY4cvDW,Assessment_Items,tblqIgPFR3mCHjQRo,fldFU5gteLRwuh4nB,Item_Notes,richText,,,
recfffpmBSRoJ3w3V,Assessment_Items,tblqIgPFR3mCHjQRo,fldaIuyELpb95ZPYO,Item_Order,number,,,
recbqXRL9p7gQg73B,Assessment_Items,tblqIgPFR3mCHjQRo,fldZlS0EIBvqNlKhl,Item_Type,singleSelect,,,
recHCyy8xk7N0YuSk,Assessment_Items,tblqIgPFR3mCHjQRo,fldpK8SK6pLajGkGf,Last_Modified,dateTime,,,
recdWJUGRce5GDbny,Assessment_Items,tblqIgPFR3mCHjQRo,flduRhj1jmZDktGkj,Module,singleSelect,,,
recrZIjGgS404WoXG,Assessment_Items,tblqIgPFR3mCHjQRo,fldGWekG6mVookDPS,Network Blank,number,,,
recFVj1dAFz1doTyG,Assessment_Items,tblqIgPFR3mCHjQRo,fldUIa12oTmeSFSTn,Network Full Credit,percent,,,
recllAH7SGtiymjAh,Assessment_Items,tblqIgPFR3mCHjQRo,fldqpFOlKg3bQIlSL,Network N,number,,,
rec7QrGW3BRYC8Wan,Assessment_Items,tblqIgPFR3mCHjQRo,fld8YCtfyaEEAEay8,Network Partial Credit,percent,,,
rectGUd6lH7JK3FRP,Assessment_Items,tblqIgPFR3mCHjQRo,fldkhELrB7O1vCumg,Option_A,singleLineText,,,
recVKUspLi7L2EOJW,Assessment_Items,tblqIgPFR3mCHjQRo,fldPXW79TDN2IkBpM,Option_B,singleLineText,,,
recxuOGsGOhRZT0At,Assessment_Items,tblqIgPFR3mCHjQRo,fldBVoxaccobaBeES,Option_C,singleLineText,,,
recbK9uqCkQckYkL6,Assessment_Items,tblqIgPFR3mCHjQRo,fldDVHimMpfHELM2A,Option_D,singleLineText,,,
recUsTd3yQGSpc9sr,Assessment_Items,tblqIgPFR3mCHjQRo,fldoVzOI147m2nIO5,Option_E,singleLineText,,,
recylCtbqLqPLc7CP,Assessment_Items,tblqIgPFR3mCHjQRo,fldmhJvugGogB8Upi,Option_F,singleLineText,,,
recifD5rMR8ujLZgL,Assessment_Items,tblqIgPFR3mCHjQRo,fldqkI4MHP6jDglEW,Points_Possible,number,,,
recxNiZkkuKKwgFuN,Assessment_Items,tblqIgPFR3mCHjQRo,fldmJA6Xxa1mR0Giq,Prompt,richText,,,
recB5ngaxRzwx7M2d,Assessment_Items,tblqIgPFR3mCHjQRo,fldZP8P9ZJp65iyAg,Prompt_Image,multipleAttachments,,,
recZiDT3PEmPp39kA,Assessment_Items,tblqIgPFR3mCHjQRo,fldi3nHzB840wj9Nh,Rubric_Reference,richText,,,
rec1DAyn5p5E19zJ3,Assessment_Items,tblqIgPFR3mCHjQRo,fldzPGtOpe2wczCO1,Standards_Code,singleLineText,,,
rec305fh3PiXi7Gtg,Assessment_Items,tblqIgPFR3mCHjQRo,fldXIIoj6eT0Rv6Ia,Standards_Multi_Select,multipleSelects,,,
recM6Ign44ls4fAIK,Assessment_Items,tblqIgPFR3mCHjQRo,fldTLBECpjpz19dLT,Updated_By,singleLineText,,,
recQUwX4vM11jGZ4J,Survey_Region_Item_Results,tblstb7gvzW7yMmye,fldHDOPCWApaVyW9V,Domain (from Assessment_Item_Link),singleLineText,,,
recPMhOLbvS8vDKuW,Survey_Region_Item_Results,tblstb7gvzW7yMmye,fldeu0ECOLnmW86CF,Domain_Tags,multipleSelects,,,
recyYkDfzZVuCGFW1,Survey_Region_Item_Results,tblstb7gvzW7yMmye,fldUZ5qBha1oKjt3d,Full_Credit_All,multilineText,,,
reczgNIcvpGaNZgu5,Survey_Region_Item_Results,tblstb7gvzW7yMmye,fldvgNEnqogv2vus9,Full_Credit_Open,multilineText,,,
recBPtL3qO2nRlBn1,Survey_Region_Item_Results,tblstb7gvzW7yMmye,fldPkLxeAD7n0EdUE,Item_Extract,multilineText,,,
recKNKtUkK03GGQpt,Survey_Region_Item_Results,tblstb7gvzW7yMmye,fldpXjwpkp7Y25PVR,Item_Type,multipleSelects,,,
recDZ6Y2XJ8RgeiWZ,Survey_Region_Item_Results,tblstb7gvzW7yMmye,fldfFVBNxpaJo3srH,Percent_Correct,multilineText,,,
recV49b63VmJm2ukq,Survey_Region_Item_Results,tblstb7gvzW7yMmye,fldN5vemIuIKHU4sJ,Percent_Partial,multilineText,,,
recJWJRqNVRGdxFnJ,Survey_Region_Item_Results,tblstb7gvzW7yMmye,fldhlIkWWckfBvtlY,Question_Type (from Survey_Item_Link),multipleLookupValues,,,
recjP3YGQ5pBUBX9N,Survey_Region_Item_Results,tblstb7gvzW7yMmye,fldVnY39955K5FuOk,Region_Agree_Count,formula,,,
recRYvluaznh2stzD,Survey_Region_Item_Results,tblstb7gvzW7yMmye,fldWJ82ognAjAPvJl,Region_Blanks,rollup,,,
recaafyZp7qgt8uHe,Survey_Region_Item_Results,tblstb7gvzW7yMmye,fldQ18M6AlwzMrcKr,Region_Extract,formula,,,
reculVMMY0N0rWwy5,Survey_Region_Item_Results,tblstb7gvzW7yMmye,fldUfbMmDAnrk9gfX,Region_Item_Responses,rollup,,,
recCCACK8zCLe4Rox,Survey_Region_Item_Results,tblstb7gvzW7yMmye,fldmqFriNSJOO4TPQ,Region_Item_Result_Key,singleLineText,,,
recp4rlhs8bWlPp7e,Survey_Region_Item_Results,tblstb7gvzW7yMmye,fldw7JKb5PwbGfxpf,Region_Link,multipleRecordLinks,checked,tblKXWbABAC2WoXCn,Regions
recWmwWcHycU3LFQ3,Survey_Region_Item_Results,tblstb7gvzW7yMmye,fldNgZPwASFEOwt2i,Region_Negative_Count,formula,,,
recwsdAKXKKFLM1PB,Survey_Region_Item_Results,tblstb7gvzW7yMmye,fldvnuhTkPm16zW8J,Region_Neutral_Count,formula,,,
recOIbiVZAPofsZX2,Survey_Region_Item_Results,tblstb7gvzW7yMmye,fldjKxSFbiRTKFang,Region_Respondents,rollup,,,
reccJWNfXrGj1KeMK,Survey_Region_Item_Results,tblstb7gvzW7yMmye,fld7zB28hHUAY85zy,Region_Strongly_Agree_Count,formula,,,
recZ9sqqSN49CtvZU,Survey_Region_Item_Results,tblstb7gvzW7yMmye,fldCgOlURmAj5Zxwr,Region_Top_1,rollup,,,
reczZKIXKyWtRDOla,Survey_Region_Item_Results,tblstb7gvzW7yMmye,fldwkMz9y7ZaONYeR,Region_Top_1_Percent,formula,,,
rectmZjRT7WGA2AWX,Survey_Region_Item_Results,tblstb7gvzW7yMmye,fldTsdsCC9S6TiCOn,Region_Top_2,rollup,,,
recyTS4R2Aa5roocx,Survey_Region_Item_Results,tblstb7gvzW7yMmye,fldYPScySQtdWjVe1,Region_Top_2_Percent,formula,,,
recbG14MIaRqNNWrY,Survey_Region_Item_Results,tblstb7gvzW7yMmye,fldU7YPyfBZFEnOB9,Region_Top_3,rollup,,,
recZj7BL0axaXpJLE,Survey_Region_Item_Results,tblstb7gvzW7yMmye,fldoQbZTUkIFHcKAW,Region_Top_3_Percent,formula,,,
recsgiYC23SfucVy0,Survey_Region_Item_Results,tblstb7gvzW7yMmye,fldo5MLXiMBtP3gdP,Region_Txt (from Survey_School_Item_Results),multipleLookupValues,,,
recBbdnJdOdDUE67f,Survey_Region_Item_Results,tblstb7gvzW7yMmye,fldmgXDu4fLW2mRk0,School_Item_Result_Key_Formula,multilineText,,,
recW6moAG4aJzJSEB,Survey_Region_Item_Results,tblstb7gvzW7yMmye,fld06tAqnW07K6eOT,Standards_Code (from Assessment_Item_Link),singleLineText,,,
recwqzyPkIHx4AfYW,Survey_Region_Item_Results,tblstb7gvzW7yMmye,fldRkO5XfLI227f8T,Standards_Tags,multipleSelects,,,
recwXcT6pAQymRNpZ,Survey_Region_Item_Results,tblstb7gvzW7yMmye,fldGMxaD88n09x8K0,Survey_Item_Link,multipleRecordLinks,checked,tbl9lguOzNO8VjMvY,Survey_Items
recksLtnoqawPaQKF,Survey_Region_Item_Results,tblstb7gvzW7yMmye,fldcaMxUWThqmufih,Survey_Item_Link (from Survey_School_Item_Results),rollup,,,
recVnqxR0LML1qlv8,Survey_Region_Item_Results,tblstb7gvzW7yMmye,fldeWSJJsQTKFc6PH,Survey_Reports_School_Item_Source,singleLineText,,,
recXG8GK3NSwyLbZ4,Survey_Region_Item_Results,tblstb7gvzW7yMmye,fldSkO8rKUrL5tUo5,Survey_School_Item_Results,multipleRecordLinks,checked,tblwEdi9EQhCsixNd,Survey_School_Item_Results
rec7gUgzj3S6YRZGT,Schools,tblTyVLW0R8MxmQ0S,fldak6DqnJDi4FNqL,Active,checkbox,,,
recE1T5Yhs16HtZKT,Schools,tblTyVLW0R8MxmQ0S,fldyiqjvgiVoTEfcB,Assessment_Results_School_Item,singleLineText,,,
recP7KDbTm3lsGeST,Schools,tblTyVLW0R8MxmQ0S,fld46W7Hsg5nza9sd,Assessment_Results_School_Item_Array,singleLineText,,,
recG5qiJQzD8P5MkG,Schools,tblTyVLW0R8MxmQ0S,fldN5rqVA6yNFejhu,City,singleSelect,,,
recNIUPLRq7GFwu6Q,Schools,tblTyVLW0R8MxmQ0S,fldjQISMXszQ8NM9o,City_Link,multipleRecordLinks,checked,tblAb2YQJ4bggKx37,Cities
recfnGsiFRAxx3v3r,Schools,tblTyVLW0R8MxmQ0S,fld10qMN7rUNOtBuF,Email_Domain,singleLineText,,,
recl4p9VzmWk0Q3d6,Schools,tblTyVLW0R8MxmQ0S,fldCiH3kVCoMJwtgr,Full_School_Name,singleLineText,,,
recSVZIJfnJQ2HdNw,Schools,tblTyVLW0R8MxmQ0S,fldavJA3rMo8i5E8V,Import_Log,singleLineText,,,
recIoIUcrvUj8qjV4,Schools,tblTyVLW0R8MxmQ0S,fldEzcWugu2zDRkE3,Region,singleSelect,,,
recMwdMVKJjtWDD1G,Schools,tblTyVLW0R8MxmQ0S,fldNOCiLp6lerEEts,Region_Link,multipleRecordLinks,checked,tblKXWbABAC2WoXCn,Regions
recLsn29d4Jh82X2W,Schools,tblTyVLW0R8MxmQ0S,fldYRvOIufGscvTGl,School_AT_ID,formula,,,
recwMRNxlUNrpVVYg,Schools,tblTyVLW0R8MxmQ0S,fld7Jd1WHPRILYUMD,School_Image,multipleAttachments,,,
recfu6zqiR9h2yzf7,Schools,tblTyVLW0R8MxmQ0S,fldkmn1w46T2TNPAA,School_Name,singleLineText,,,
recQoBtIjkeL9W8ML,Schools,tblTyVLW0R8MxmQ0S,fldEaG6WA1Qwt263z,Survey_Administrations,multipleRecordLinks,checked,tblErTZCOOpH0S4Xd,Survey_Administrations
receTP2lyoi18O4L3,Schools,tblTyVLW0R8MxmQ0S,fld1E9ChL6Gem4CMm,Survey_Item_Comments,multipleRecordLinks,checked,tbla8CWwKDBuQwmtq,Survey_Item_Comments
recRxpfn6X4bnd88h,Schools,tblTyVLW0R8MxmQ0S,fldCVgx9A6pJHFF3K,Survey_Item_School_Results,multipleRecordLinks,checked,tblwEdi9EQhCsixNd,Survey_School_Item_Results
recTKzpxgrVeNjhAJ,Schools,tblTyVLW0R8MxmQ0S,fldJ5Jmx85mGivLiS,Survey_Respondents,multipleRecordLinks,checked,tblE1rwPUjtxodIvZ,Survey_Respondents
recTGOX6uyX0hXN8o,Schools,tblTyVLW0R8MxmQ0S,fldJe8IoGG2jczZ1i,Users,singleLineText,,,
recI2HsHySFac2Yyx,Assessment_Publication_Log,tblVFHu4KLIIZCRVj,fld0S5HU5kGxsdPEU,Assessment_Bank_AT_ID (from Assessment_Bank_Link),singleLineText,,,
recDgodC9K4regc4H,Assessment_Publication_Log,tblVFHu4KLIIZCRVj,fld6jMxnNwzkal0XM,Assessment_Bank_Extract,multilineText,,,
recR1cJ4aIVHjd0kT,Assessment_Publication_Log,tblVFHu4KLIIZCRVj,fldTcosNUTnOXv5i0,Assessment_Bank_Link,multipleRecordLinks,checked,tblwgM7tZ0e1sEpfX,Assessment_Banks
recVoehLio0w6PMSM,Assessment_Publication_Log,tblVFHu4KLIIZCRVj,fldeCOzgGCTH6FG2K,Assessment_Publication_AT_ID,multilineText,,,
rec0Rhq3RLU6b5GuG,Assessment_Publication_Log,tblVFHu4KLIIZCRVj,fldHoxORrSxk0LYyB,Assessment_Publication_Key,multilineText,,,
rec0RHHm3SQx5cqZv,Assessment_Publication_Log,tblVFHu4KLIIZCRVj,fldXgK8CTfXMR4Zmd,Assessment_Results_School_Item,singleLineText,,,
recTSACwcoIvPWVxv,Assessment_Publication_Log,tblVFHu4KLIIZCRVj,fldclJNtkwT0Zb6sn,Assessment_Results_School_Item_Source,multipleRecordLinks,checked,tblD7Kjxmno3JuhAk,Assessment_Results_School_Item
recZFrSRZmc0lEPGA,Assessment_Publication_Log,tblVFHu4KLIIZCRVj,fldKx6PVxGnkQq9wI,Assessment_Run_Key,multilineText,,,
recHJaLh58Edl52QZ,Assessment_Publication_Log,tblVFHu4KLIIZCRVj,fldWmfOHBRZxF1UbU,Grade Level,multipleSelects,,,
recUyuOvGa3kVmfkg,Assessment_Publication_Log,tblVFHu4KLIIZCRVj,fldJh96O9tM66zP0q,Item_Count (from Assessment_Bank_Link),singleLineText,,,
recOUdPXgIOCIQGHi,Assessment_Publication_Log,tblVFHu4KLIIZCRVj,fldCJdeBaLCw5dHV4,Module,multipleSelects,,,
recCkF4hJVwO6a3xS,Assessment_Publication_Log,tblVFHu4KLIIZCRVj,fldCke0NHIUEUCE4C,School_AT_ID (from School_Link),singleLineText,,,
recdtZdmkknlQSJo2,Assessment_Publication_Log,tblVFHu4KLIIZCRVj,fldQvAZw6p7fznYHG,School_ID_Extract,multilineText,,,
reco1abRlRTCqfaeK,Assessment_Publication_Log,tblVFHu4KLIIZCRVj,fldwinGkUsiI5GvRK,School_Link,multipleRecordLinks,checked,tblTyVLW0R8MxmQ0S,Schools
rec3vzrTQmVtKsk8P,Assessment_Publication_Log,tblVFHu4KLIIZCRVj,fldLNek4xEFU6Fwy0,School_Name (from School_Link),singleLineText,,,
recTnblV859jb63pi,Assessment_Publication_Log,tblVFHu4KLIIZCRVj,fldv8UjGjtLPMFKX2,School_Year,singleSelect,,,
recOp097I30w48WPs,Assessment_Publication_Log,tblVFHu4KLIIZCRVj,fldaaLBMtfl4G6qyK,School_Year_Lookup,multipleSelects,,,
recak9Y0iCgkBcMDW,Assessment_Publication_Log,tblVFHu4KLIIZCRVj,fldpZAwDNfCcrLgXv,Status,singleSelect,,,
recz1UYqJrapMMJTH,Survey_School_Item_Results,tblwEdi9EQhCsixNd,fldMCWGcwKD6GjCGs,Administration_Key,multilineText,,,
recrhihDjMU3cYZBQ,Survey_School_Item_Results,tblwEdi9EQhCsixNd,fldM1VhkzfOCVdLLC,Blanks,number,,,
rece80vyTXCqhYxUz,Survey_School_Item_Results,tblwEdi9EQhCsixNd,flduxwjCrxdy2VgmN,Category_Code (from Survey_Item_Link),multipleLookupValues,,,
rec70f9ZNzbUKPSd0,Survey_School_Item_Results,tblwEdi9EQhCsixNd,fldj08RLyIGvdtF1m,Category_Code (from Survey_Item_Link) 2,singleLineText,,,
recbtu2LmnKcqv8Fj,Survey_School_Item_Results,tblwEdi9EQhCsixNd,fldHXULmjF0Ht8V40,Category_Select_Lookup,multipleLookupValues,,,
recOI5H35Xs0zqh1s,Survey_School_Item_Results,tblwEdi9EQhCsixNd,fldWE1xuqjQxgG4h8,City_Blanks (from Survey_City_Item_Results_Link),multipleLookupValues,,,
reccSOPb4SOVJYopB,Survey_School_Item_Results,tblwEdi9EQhCsixNd,fldAwTjuNHBBiPzcE,City_Item_Responses (from Survey_City_Item_Results_Link),multipleLookupValues,,,
recfQh32D5f8yxCel,Survey_School_Item_Results,tblwEdi9EQhCsixNd,fldPkBHlPzWiSXcCq,City_Item_Result_Key,formula,,,
recVoBvS4mNwxKtQc,Survey_School_Item_Results,tblwEdi9EQhCsixNd,fldXz6o9VlSRvNsPN,City_Link,multipleRecordLinks,checked,tblAb2YQJ4bggKx37,Cities
recJDE0og3JWQVa41,Survey_School_Item_Results,tblwEdi9EQhCsixNd,fld6PF7vYVSziBWBP,City_Respondents (from Survey_City_Item_Results_Link),multipleLookupValues,,,
reckSFB28yKq4l0Ni,Survey_School_Item_Results,tblwEdi9EQhCsixNd,fldqfBKwElPqEFCma,City_Top_1 (from Survey_City_Item_Results_Link),multipleLookupValues,,,
recbmbir2SDoDSK98,Survey_School_Item_Results,tblwEdi9EQhCsixNd,fldaXRZ2yvBmAMjy3,City_Top_1_Percent (from Survey_City_Item_Results_Link),multipleLookupValues,,,
recWMDh3kLaQrlL9x,Survey_School_Item_Results,tblwEdi9EQhCsixNd,fldlEB1jGs3wuhQ2D,City_Top_2 (from Survey_City_Item_Results_Link),multipleLookupValues,,,
recHBpYF1n2gKBRsF,Survey_School_Item_Results,tblwEdi9EQhCsixNd,fld7RZkJKPhYCivEj,City_Top_2_Percent (from Survey_City_Item_Results_Link),multipleLookupValues,,,
recjCTi3uOhvtsv0s,Survey_School_Item_Results,tblwEdi9EQhCsixNd,fld4k8Gm8M4fCJI4z,City_Top_3 (from Survey_City_Item_Results_Link),multipleLookupValues,,,
recd3SnV7FAM6wYPW,Survey_School_Item_Results,tblwEdi9EQhCsixNd,fldZ0J0rAy2bGZxXu,City_Top_3_Percent (from Survey_City_Item_Results_Link),multipleLookupValues,,,
rec6iJ0ysKZOgqoJ3,Survey_School_Item_Results,tblwEdi9EQhCsixNd,fldLuBBg5Fn1WJl4a,City_Txt,singleLineText,,,
reciFppHGQiV1l11K,Survey_School_Item_Results,tblwEdi9EQhCsixNd,fldxDD7urc1idscn4,Item_Order,number,,,
rec8uP1rLM2lpHrU6,Survey_School_Item_Results,tblwEdi9EQhCsixNd,fldPikDQwDylFP9eW,Item_Order (from Survey_Item_Link),singleLineText,,,
reczcpGoe0ru6ePo7,Survey_School_Item_Results,tblwEdi9EQhCsixNd,fldrbEADx6gYUdxUD,Item_Responses,number,,,
rec8NWhx24oeGp2r8,Survey_School_Item_Results,tblwEdi9EQhCsixNd,fldLDCYHWvqpwwliu,Item_Type,singleSelect,,,
recy7mh49nyGO8GLa,Survey_School_Item_Results,tblwEdi9EQhCsixNd,fld5Yv5FCAVLUB2v4,Last_Modified,dateTime,,,
recIN7XqdRe3arAHH,Survey_School_Item_Results,tblwEdi9EQhCsixNd,fldJN438hIUw9GgFT,Network_Agree_Count,multipleLookupValues,,,
recHkGjwxfmVqgihm,Survey_School_Item_Results,tblwEdi9EQhCsixNd,fldx7eJudN1RjHiaS,Network_Blanks (from Survey_Network_Item_Results_Link),multipleLookupValues,,,
recAoRTbyCmDEdBpV,Survey_School_Item_Results,tblwEdi9EQhCsixNd,fldSz9bSAdlPHdXBA,Network_Item_Key,singleLineText,,,
recarxLPsTgAPyeBX,Survey_School_Item_Results,tblwEdi9EQhCsixNd,fldf65ecbdIj3BjlG,Network_Item_Responses,multipleLookupValues,,,
recXFt4ZANAcVoi2Q,Survey_School_Item_Results,tblwEdi9EQhCsixNd,fldUCmuGWIhYlB1Ef,Network_Negative_Count,multipleLookupValues,,,
rec5pvGduWt4w8UKK,Survey_School_Item_Results,tblwEdi9EQhCsixNd,fldwaujNsRIIh04FK,Network_Neutral_Count,multipleLookupValues,,,
recwhUbIwWR9ZmnhJ,Survey_School_Item_Results,tblwEdi9EQhCsixNd,fldgW4f9DElKGzuTp,Network_Respondents (from Survey_Network_Item_Results_Link),multipleLookupValues,,,
recQTr6LqpzvAjRQR,Survey_School_Item_Results,tblwEdi9EQhCsixNd,fld8Jnc2nk5xCRjRd,Network_Strongly_Agree_Count,multipleLookupValues,,,
rec6RE1z2jxLOG5OI,Survey_School_Item_Results,tblwEdi9EQhCsixNd,fldsCAvQpE3WPS55S,Network_Top_1 (from Survey_Network_Item_Results_Link),multipleLookupValues,,,
rec9Hjkwa1S8wzxms,Survey_School_Item_Results,tblwEdi9EQhCsixNd,fldIE4MX7waHq7Tq1,Network_Top_1_Percent (from Survey_Network_Item_Results_Link),multipleLookupValues,,,
recSKTyI6eMzb2wb3,Survey_School_Item_Results,tblwEdi9EQhCsixNd,fldfQxCmzvw20T3OE,Network_Top_2 (from Survey_Network_Item_Results_Link),multipleLookupValues,,,
recCR3taKrIngqMKn,Survey_School_Item_Results,tblwEdi9EQhCsixNd,fldAtYe5mpKjfMQFT,Network_Top_2_Percent (from Survey_Network_Item_Results_Link),multipleLookupValues,,,
rec4gCaDr5gFS1tRC,Survey_School_Item_Results,tblwEdi9EQhCsixNd,fld9z89CPEf0orUu8,Network_Top_3 (from Survey_Network_Item_Results_Link),multipleLookupValues,,,
recGztwvw7lfafPs0,Survey_School_Item_Results,tblwEdi9EQhCsixNd,fldC3rCCxjnXYQvPf,Network_Top_3_Percent (from Survey_Network_Item_Results_Link),multipleLookupValues,,,
rec8SdEirLCXP73e0,Survey_School_Item_Results,tblwEdi9EQhCsixNd,fldRd4TpyXgZ7tZ9d,Percent_Top_1,number,,,
recv6ZlbjsOJ9OZAY,Survey_School_Item_Results,tblwEdi9EQhCsixNd,fld6759V3dL5mcmNM,Percent_Top_2,number,,,
recmHhAXPlO8rTKGU,Survey_School_Item_Results,tblwEdi9EQhCsixNd,fldzQLypQQzRdSHri,Percent_Top_3,number,,,
rec1vG988pamq8WfN,Survey_School_Item_Results,tblwEdi9EQhCsixNd,fldf6cS2oAox0sDy0,Publication_Status,singleSelect,,,
recz5wXGqSGfi8Bes,Survey_School_Item_Results,tblwEdi9EQhCsixNd,fldicr62U4znQPUTt,Question_Label_Txt,singleLineText,,,
recza1VfFQ9bKWjZk,Survey_School_Item_Results,tblwEdi9EQhCsixNd,fldKI1vr0TBAHOvO7,Question_Prompt,multipleLookupValues,,,
recFffEneRUfF1c5Z,Survey_School_Item_Results,tblwEdi9EQhCsixNd,fldXji8NhihMsATYj,Question_Type (from Survey_Item_Link),multipleSelects,,,
recLlpffPSBNN8fKV,Survey_School_Item_Results,tblwEdi9EQhCsixNd,fldjd1H35upepHiyb,Region_Agree_Count,multipleLookupValues,,,
recnRUbcYL6bRMu7O,Survey_School_Item_Results,tblwEdi9EQhCsixNd,flddt0cPOi0HCtHDC,Region_Blanks,multipleLookupValues,,,
recuuDIzifMtsfaeI,Survey_School_Item_Results,tblwEdi9EQhCsixNd,fldddqVbQJ5jopzOV,Region_Item_Responses,multipleLookupValues,,,
recukIeW6sEJJoYO8,Survey_School_Item_Results,tblwEdi9EQhCsixNd,fld7glC0uneem2gUP,Region_Item_Results_Key,singleLineText,,,
recqNDJQR5x6et8ta,Survey_School_Item_Results,tblwEdi9EQhCsixNd,fld6rmPa7REiL0k8F,Region_Item_Results_Link,multipleRecordLinks,checked,tblstb7gvzW7yMmye,Survey_Region_Item_Results
rec7ubFjiiuiIRg5s,Survey_School_Item_Results,tblwEdi9EQhCsixNd,fldDUdlnKvb8ooART,Region_Link,multipleRecordLinks,checked,tblKXWbABAC2WoXCn,Regions
recl5Rye4bN945xEj,Survey_School_Item_Results,tblwEdi9EQhCsixNd,fldh6CDTrFoeAuobh,Region_Negative_Count,multipleLookupValues,,,
recpjCmz6oCXCPSBR,Survey_School_Item_Results,tblwEdi9EQhCsixNd,fld5uAOLEGPnmmyz7,Region_Neutral_Count,multipleLookupValues,,,
recwjQMyE7O2xDY8U,Survey_School_Item_Results,tblwEdi9EQhCsixNd,fldv25DvAyR3rto1y,Region_Respondents,multipleLookupValues,,,
recfSAIHSmvIFPbRZ,Survey_School_Item_Results,tblwEdi9EQhCsixNd,fldplFj8fgHlqVbF5,Region_Strongly_Agree_Count,multipleLookupValues,,,
rechIJUOTnFu42BE2,Survey_School_Item_Results,tblwEdi9EQhCsixNd,fldadxhPkJ70YIiMy,Region_Top1_Count,multipleLookupValues,,,
recEeqerSsttI1xAU,Survey_School_Item_Results,tblwEdi9EQhCsixNd,fldwHkCVIdc14OkQF,Region_Top1_Percent,multipleLookupValues,,,
recGfY75ilmmWe9rs,Survey_School_Item_Results,tblwEdi9EQhCsixNd,fldz08Reuzlivow0X,Region_Top2_Count,multipleLookupValues,,,
recqpAqdW6C9HZjB8,Survey_School_Item_Results,tblwEdi9EQhCsixNd,fldce4NiYAWQDaieT,Region_Top2_Percent,multipleLookupValues,,,
recAUadqNgfDaNP0g,Survey_School_Item_Results,tblwEdi9EQhCsixNd,fldauLLZqkys82JpR,Region_Top3_Count,multipleLookupValues,,,
recOuY7xQsCPbW4bs,Survey_School_Item_Results,tblwEdi9EQhCsixNd,fld3cPLsCXK7P9k7Y,Region_Top3_Percent,multipleLookupValues,,,
recQNrvujJpNE9ifj,Survey_School_Item_Results,tblwEdi9EQhCsixNd,fldZEcjOjz0616kbl,Region_Txt,singleLineText,,,
recn85sVHugEynPm5,Survey_School_Item_Results,tblwEdi9EQhCsixNd,fldaeXzFGsYhmv5bp,Respondent_Keys,multilineText,,,
recdb7oxIKnySnQnJ,Survey_School_Item_Results,tblwEdi9EQhCsixNd,fldB3KPuQYcFQvThK,Respondents,number,,,
rectidDxBJABXLs9h,Survey_School_Item_Results,tblwEdi9EQhCsixNd,fldNn7sMNxWuEstgx,School_Agree_Count,formula,,,
rec39nZ9i8DfTI39H,Survey_School_Item_Results,tblwEdi9EQhCsixNd,fldZ5ELMgoXoY6NqR,School_AT_ID,multipleLookupValues,,,
rechisfNVQGLKjf8O,Survey_School_Item_Results,tblwEdi9EQhCsixNd,fldylwjis27CUzy12,School_Item_Report_AT_ID,formula,,,
recF7wLGrusaEpOOq,Survey_School_Item_Results,tblwEdi9EQhCsixNd,fldQzLmi8XruL8bXy,School_Item_Result_AT_ID,singleLineText,,,
rechEDdGddXBtBy2V,Survey_School_Item_Results,tblwEdi9EQhCsixNd,fld4ozuJ7a770PO69,School_Item_Result_Key,singleLineText,,,
reciqs3KGXJ1uihKd,Survey_School_Item_Results,tblwEdi9EQhCsixNd,fldualar2UioiuZ4u,School_Link,singleLineText,,,
recIgfwYiHxETeVfK,Survey_School_Item_Results,tblwEdi9EQhCsixNd,fldFX6LSQgO5B3wip,School_Negative_Count,formula,,,
rectHBdUAKNa2Z76X,Survey_School_Item_Results,tblwEdi9EQhCsixNd,fldkv9dqfSWmafSp7,School_Neutral_Count,formula,,,
recuPkdUbhoN2p1YF,Survey_School_Item_Results,tblwEdi9EQhCsixNd,fldVEf0N6VtoLFDFm,School_Strongly_Agree_Count,formula,,,
recT4mUXf0U5AhX9V,Survey_School_Item_Results,tblwEdi9EQhCsixNd,fldZGT5f7jsCZ08MD,School_Txt,singleLineText,,,
recqJlITBWRVwn4iW,Survey_School_Item_Results,tblwEdi9EQhCsixNd,fldcjPBZpYR1vvVyb,Schools,multipleRecordLinks,checked,tblTyVLW0R8MxmQ0S,Schools
rec8Jjv5XMuqEAENU,Survey_School_Item_Results,tblwEdi9EQhCsixNd,fld050GmIGm6HrHhI,Standards_Codes_Txt,singleLineText,,,
recnssYb3ejyJE8pJ,Survey_School_Item_Results,tblwEdi9EQhCsixNd,fldlgx29hpwuUffu3,Standards_Tags,multipleSelects,,,
rec9NfNPzXMDD9lxr,Survey_School_Item_Results,tblwEdi9EQhCsixNd,fldzX1ufGHu9ph6t2,Status_Change_Datetime,dateTime,,,
recNVC8RgiyhcgnP4,Survey_School_Item_Results,tblwEdi9EQhCsixNd,fldAdrxqEz3AAO0ZH,Survey_Administrations,multipleRecordLinks,checked,tblErTZCOOpH0S4Xd,Survey_Administrations
recSBBlVxhHFgTzlc,Survey_School_Item_Results,tblwEdi9EQhCsixNd,fldhrmsRQ0nVmTvj6,Survey_City_Item_Results_Link,multipleRecordLinks,checked,tblDtbKXeIFK9FxJF,Survey_City_Item_Results
recViiM8ydtoh6UIv,Survey_School_Item_Results,tblwEdi9EQhCsixNd,fldZlUxQm77Tb9HsY,Survey_Item_Comments,multipleRecordLinks,checked,tbla8CWwKDBuQwmtq,Survey_Item_Comments
recADXFfEggrL6mBK,Survey_School_Item_Results,tblwEdi9EQhCsixNd,fldYKXJM0G4OVNhL4,Survey_Item_Link,multipleRecordLinks,checked,tbl9lguOzNO8VjMvY,Survey_Items
recPpbNzoA5QbFsn0,Survey_School_Item_Results,tblwEdi9EQhCsixNd,fldw2i1mOvZSZwwNM,Survey_Item_Responses,multilineText,,,
recb1nswUtDTEihqv,Survey_School_Item_Results,tblwEdi9EQhCsixNd,fldlPKrr7Bivgl1FD,Survey_Network_Item_Results_Link,multipleRecordLinks,checked,tblHRzJxvjAk3735c,Survey_Network_Item_Results
rec464SQnpTOoDHMm,Survey_School_Item_Results,tblwEdi9EQhCsixNd,fldtjpQj548GEYj94,Survey_Publication_Key_Txt,singleLineText,,,
recrnYnaEDGigI3tb,Survey_School_Item_Results,tblwEdi9EQhCsixNd,flddeWmmGKFRE7F0B,Survey_Publication_Link,multipleRecordLinks,checked,tblivkJrNbr5Ej097,Survey_Publication_Log
recZ3xkRCAHtoSfIQ,Survey_School_Item_Results,tblwEdi9EQhCsixNd,fldT3YQtIlSy9kbnN,Survey_School_AT_ID,singleLineText,,,
recvNY8Hm743NPn44,Survey_School_Item_Results,tblwEdi9EQhCsixNd,flddOtcoxH1Ym0kcc,Top_1_Count,number,,,
rechVXgSfHUiE7bit,Survey_School_Item_Results,tblwEdi9EQhCsixNd,fldBXWAIoxXrdi4Vu,Top_2_Count,number,,,
recH9eVX5E8Eudeai,Survey_School_Item_Results,tblwEdi9EQhCsixNd,fldW6byiTdsyHXLXI,Top_3_Count,number,,,
recnNT33yflAwjkEB,Assessment_Banks,tblwgM7tZ0e1sEpfX,fldEVzKI8B4v8DmkS,Assessment_Bank_Analysis_AT_ID,singleLineText,,,
recgrfn63iZ8zrOkT,Assessment_Banks,tblwgM7tZ0e1sEpfX,fldUVFcKxywHDbWcp,Assessment_Bank_AT_ID,formula,,,
recjyD1DsR9OFiIGe,Assessment_Banks,tblwgM7tZ0e1sEpfX,fldfftImNoP4CrU22,Assessment_Bank_Report_AT_ID,formula,,,
recJjMVNnDBQPLs7X,Assessment_Banks,tblwgM7tZ0e1sEpfX,fldnzY1njv1V9ogYc,Assessment_ID,singleLineText,,,
rec8l154lQSxROVtO,Assessment_Banks,tblwgM7tZ0e1sEpfX,fldzvRRuhK961t21D,Assessment_Import_Item_Map,singleLineText,,,
recqOWiXXOvShjBjA,Assessment_Banks,tblwgM7tZ0e1sEpfX,fldmEEOYTfp4e1Pwp,Assessment_Items,multipleRecordLinks,checked,tblqIgPFR3mCHjQRo,Assessment_Items
recufTiWesaPyaEQf,Assessment_Banks,tblwgM7tZ0e1sEpfX,fldKHGTr6pCIwHyeX,Assessment_Publication_Log,multipleRecordLinks,checked,tblVFHu4KLIIZCRVj,Assessment_Publication_Log
rec4awFb9eCuG3FnP,Assessment_Banks,tblwgM7tZ0e1sEpfX,fldQySJdjSqvHEkUL,Assessment_Results_City_Item,multipleRecordLinks,checked,tblYFvQSCkdYt6wMS,Assessment_Results_City_Item
rech4fuYmPtgfGA8B,Assessment_Banks,tblwgM7tZ0e1sEpfX,fldc3cXkiHrvp6OME,Assessment_Results_School_Item,singleLineText,,,
rec9ykyYOZn07GzvW,Assessment_Banks,tblwgM7tZ0e1sEpfX,fld8vZGz4XqcBsrg3,Assessment_Results_School_Item copy,singleLineText,,,
recftfAC7qYpwcyHo,Assessment_Banks,tblwgM7tZ0e1sEpfX,fldof4j3fBoR3YFXL,Assessment_Results_School_Item_Links,multipleRecordLinks,checked,tblD7Kjxmno3JuhAk,Assessment_Results_School_Item
rec5a0pCmnwkBnjpj,Assessment_Banks,tblwgM7tZ0e1sEpfX,flddMol6kip1emzzb,First_Item_Column,number,,,
recmgBuGglniXXDKz,Assessment_Banks,tblwgM7tZ0e1sEpfX,fldJLARsLeSXFrdlj,First_Item_Column_Letter,singleLineText,,,
recwLQsx94Jgh60yo,Assessment_Banks,tblwgM7tZ0e1sEpfX,fldyVUis7EulwpYf2,Grade Level,singleSelect,,,
recaCKkG7NNsGh5k5,Assessment_Banks,tblwgM7tZ0e1sEpfX,fldfo822s1Y6tBzLr,Import_Links,singleLineText,,,
rec1WxxffnEHHg1SM,Assessment_Banks,tblwgM7tZ0e1sEpfX,fld2YPa5VcCa9EtG5,Item_Count,number,,,
recltlgNO3RTj2MKJ,Assessment_Banks,tblwgM7tZ0e1sEpfX,fld5LBDmbXHrqzCgq,Last Updated,dateTime,,,
rec35sxX0jOohtOGg,Assessment_Banks,tblwgM7tZ0e1sEpfX,fldIl7CCJeOcDPBph,Last_Item_Column,number,,,
rec9UIKvBp1nuvixU,Assessment_Banks,tblwgM7tZ0e1sEpfX,fldkqkHXWkqxWJiOw,Last_Item_Column_Letter,singleLineText,,,
recAAZslleu5SCIfm,Assessment_Banks,tblwgM7tZ0e1sEpfX,fldGIp3436ee9rUd1,Module,singleSelect,,,
recMdeAWfzGH95ntU,Assessment_Banks,tblwgM7tZ0e1sEpfX,fldKjLxoEW0twWES2,Notes,richText,,,
rechkmdV4601Yi3IH,Assessment_Banks,tblwgM7tZ0e1sEpfX,fldwxeEbHpHHGQQMH,Responses_Imported,number,,,
recGv1Ah1Jrof7hEh,Assessment_Banks,tblwgM7tZ0e1sEpfX,fldf39mCk909QBHfL,School_Links,singleLineText,,,
rec3lS5xzSfFgzDgB,Assessment_Banks,tblwgM7tZ0e1sEpfX,fld9vhtsDGvTaJ4cS,School_Year,multipleSelects,,,
recPf0eUbWcAFQcrm,Assessment_Banks,tblwgM7tZ0e1sEpfX,fldm2ExUWD0ODxo7O,Sheet1,singleLineText,,,
recyQ4MgoOppsqBFx,Assessment_Banks,tblwgM7tZ0e1sEpfX,fldgsDn9q1OQgc27S,Status (from Assessment_Publication_Log),multipleSelects,,,
reclSCq7uY1hs9EqA,Users_Sync,tblWQJewTlrkfypPP,fldvrolurNxClTr59,Account_Type,singleSelect,,,
rec9rySXq80MajcYL,Users_Sync,tblWQJewTlrkfypPP,fldhsQvl0q62vD4XP,Assessment_Items,multipleRecordLinks,checked,tblqIgPFR3mCHjQRo,Assessment_Items
recLV5Pc6zuj5coF4,Users_Sync,tblWQJewTlrkfypPP,fld0WQ3Y3pWrg0cPu,Assigned_Regions,multipleRecordLinks,checked,tblKXWbABAC2WoXCn,Regions
recT6tJe26XAH2TOG,Users_Sync,tblWQJewTlrkfypPP,fldTAaQCLybJslOdI,Assigned_Schools,multipleRecordLinks,checked,tblTyVLW0R8MxmQ0S,Schools
recJKRTYMV7ZL8e1v,Users_Sync,tblWQJewTlrkfypPP,fld5wqZRszFJty8Sw,Created,dateTime,,,
recfwGkkQ7YWSBuYN,Users_Sync,tblWQJewTlrkfypPP,fld3eYKnFwObtgxDM,Date,dateTime,,,
recijmXqAULNGIFOD,Users_Sync,tblWQJewTlrkfypPP,fldFxZTxBwws3VNfj,Email,email,,,
reckuznpG2DVfBJJg,Users_Sync,tblWQJewTlrkfypPP,fld8iesisKR0Gg5GT,Email_Domain,multilineText,,,
recypLMCCsUoSueA1,Users_Sync,tblWQJewTlrkfypPP,fldbOsF8nx6Y1XgRY,First_Name,singleLineText,,,
recPsmBU4rv6t1py8,Users_Sync,tblWQJewTlrkfypPP,fldmz0eKmF0ipGwhe,Import_Log,multipleRecordLinks,checked,tblaMuFVHtzyyKKqB,Assessment_Import_Log
recvevajLG1e7ec2D,Users_Sync,tblWQJewTlrkfypPP,fldZe5iov1NlxRpcK,Last_Name,singleLineText,,,
recBAve24VmaCwFLz,Users_Sync,tblWQJewTlrkfypPP,fld6fYS0Nx407IjMt,Last_Visit,dateTime,,,
recTbwoGQi16IJP2k,Users_Sync,tblWQJewTlrkfypPP,fldLmzsktxCKmB2ny,Magic_Link,url,,,
recH2EfJiLaeckUnh,Users_Sync,tblWQJewTlrkfypPP,fldcMKgg6b44IVhZO,Profile_Photo,multipleAttachments,,,
recTrtgZRTD2bDbmy,Users_Sync,tblWQJewTlrkfypPP,fld2AXe6iIghato90,School_Access_Formula,multilineText,,,
rec7rvwu89lFZ2TZb,Users_Sync,tblWQJewTlrkfypPP,fldNVpxVAj48Z0Zhx,Schools_Linked (from Assigned_Regions),singleLineText,,,
recDXFdkHusuqr62h,Assessment_Results_City_Item,tblYFvQSCkdYt6wMS,fldwmVBk2H4aaMW6m,Assessment_Bank,multipleRecordLinks,checked,tblwgM7tZ0e1sEpfX,Assessment_Banks
rec0hQXfeaKpjV4VF,Assessment_Results_City_Item,tblYFvQSCkdYt6wMS,fldVp0tIeyQPb6rWT,Assessment_Bank_Link (from Assessment_Item_Link),multipleLookupValues,,,
recFOmC5gdAdS61y3,Assessment_Results_City_Item,tblYFvQSCkdYt6wMS,fldBrH9vzZCkwI7Sf,Assessment_Item_Link,multipleRecordLinks,checked,tblqIgPFR3mCHjQRo,Assessment_Items
recff4qSPZH9RpPlt,Assessment_Results_City_Item,tblYFvQSCkdYt6wMS,fldlEMFNaYGiMLA4Z,Assessment_Results_School_Item,multipleRecordLinks,checked,tblD7Kjxmno3JuhAk,Assessment_Results_School_Item
rec6oBC1QPnJYeSyu,Assessment_Results_City_Item,tblYFvQSCkdYt6wMS,fldKA6RApIYTznm8Z,Blanks,rollup,,,
rec4z9N7jOj6qr3vU,Assessment_Results_City_Item,tblYFvQSCkdYt6wMS,fldsd1pvw2IakiBWY,City_Extract,formula,,,
recIaC6ADEydFDIYy,Assessment_Results_City_Item,tblYFvQSCkdYt6wMS,fldi2VA71j8p9M94M,City_Full_Credit_All_Count,rollup,,,
receLA4oI4bMzRaLl,Assessment_Results_City_Item,tblYFvQSCkdYt6wMS,fldDbdFKCKd2gzPIQ,City_Full_Credit_Constructed,formula,,,
rec1OwnvesbA2jORp,Assessment_Results_City_Item,tblYFvQSCkdYt6wMS,fldJiC7W4eJvnkaCp,City_Full_Credit_Constructed_Count,rollup,,,
recPbslOBsk6Y54Vm,Assessment_Results_City_Item,tblYFvQSCkdYt6wMS,fldVJYzAAU1dwDLdR,City_Full_Credit_Percent,formula,,,
recUp5dPjROJXi2wC,Assessment_Results_City_Item,tblYFvQSCkdYt6wMS,fldB6kaNivFIHAq6w,City_Item_Result_AT_ID,formula,,,
recKdeZrd3H9OEWor,Assessment_Results_City_Item,tblYFvQSCkdYt6wMS,fld3dMILjgfJQuDOg,City_Item_Result_Key,singleLineText,,,
recqTSTC7Ci6qXApX,Assessment_Results_City_Item,tblYFvQSCkdYt6wMS,fldtqdc05aKN94sAy,City_Item_Result_Key_Formula,formula,,,
recgu9jsPbAWP48gX,Assessment_Results_City_Item,tblYFvQSCkdYt6wMS,fldfO4lD2UV5NwJAH,City_Link,multipleRecordLinks,checked,tblAb2YQJ4bggKx37,Cities
recd06602SyISWJmO,Assessment_Results_City_Item,tblYFvQSCkdYt6wMS,fldjIQIxR2A0HeuO0,City_MC_Correct_Count,rollup,,,
recAarvouMOgEBff5,Assessment_Results_City_Item,tblYFvQSCkdYt6wMS,fldVwMmSYAgfANQCg,City_Name,multipleLookupValues,,,
recPGQ8QTlbGet1ja,Assessment_Results_City_Item,tblYFvQSCkdYt6wMS,fld9G2VuXUONK7I0Z,City_Partial_Credit_All_Count,rollup,,,
recHvDV3tg1jMNcIm,Assessment_Results_City_Item,tblYFvQSCkdYt6wMS,fldkbHpiStz9yScvF,City_Partial_Percent,formula,,,
recp7LWTMEU5GBREN,Assessment_Results_City_Item,tblYFvQSCkdYt6wMS,fld8873z28MfLNzL9,Domain (from Assessment_Item_Link),multipleLookupValues,,,
recoteoVjgm6Gzp12,Assessment_Results_City_Item,tblYFvQSCkdYt6wMS,fldxNGG1FJb2ci6ip,Domain_Tags,multipleSelects,,,
recxJGTGGKAt0M7qK,Assessment_Results_City_Item,tblYFvQSCkdYt6wMS,fldKSLslaVyzjwb9F,Item_Extract,formula,,,
recsvRVyiieQ03yTr,Assessment_Results_City_Item,tblYFvQSCkdYt6wMS,fld9b2Nomehx0NZJx,Item_Responses,rollup,,,
recuGZxR0UaOaaXCT,Assessment_Results_City_Item,tblYFvQSCkdYt6wMS,fldgtX528tVxRSPCc,Item_Type (from Assessment_Item_Link),multipleLookupValues,,,
rec1z6zzCauTZxB7p,Assessment_Results_City_Item,tblYFvQSCkdYt6wMS,fldj3wjV6j9uNuXcY,Percent_Correct,formula,,,
recwNjOJjuQmE1Pi7,Assessment_Results_City_Item,tblYFvQSCkdYt6wMS,fldzyGziSta6JnPQD,Standards_Code (from Assessment_Item_Link),multipleLookupValues,,,
rec5n0XBbiLm75YoD,Assessment_Results_City_Item,tblYFvQSCkdYt6wMS,fld4bQSI443QuKnct,Standards_Tags,multipleSelects,,,