Table_Name,Table_ID,Field_ID,Field_Name,Field_Type,Is_Linked_Field,Linked_Table_ID,Linked_Table
Survey_Items,tbl9lguOzNO8VjMvY,fld027NhquolrgRLa,Question_Type,singleSelect,,,
Survey_Items,tbl9lguOzNO8VjMvY,fld1urW4DjXmy20pe,Top_3_Flat,multilineText,,,
Survey_Items,tbl9lguOzNO8VjMvY,fld3ajw0sJq6dNGtR,Item_Order,singleLineText,,,
Survey_Items,tbl9lguOzNO8VjMvY,fld6LFIXn4e8EAjwu,Likert_Scale,number,,,
Survey_Items,tbl9lguOzNO8VjMvY,fldd9hxZEbFQR2306,Network N,number,,,
Survey_Items,tbl9lguOzNO8VjMvY,fldDg1qGWkYCi9DGP,Item_AT_ID,multilineText,,,
Survey_Items,tbl9lguOzNO8VjMvY,fldENCDXcD6hKjk8z,Category_Select,multipleSelects,,,
Survey_Items,tbl9lguOzNO8VjMvY,fldFD2FUjHDVKLuLF,Assessment_Results_School_Item,singleLineText,,,
Survey_Items,tbl9lguOzNO8VjMvY,fldfS7gzuxexSIMjb,Question_Label,singleLineText,,,
Survey_Items,tbl9lguOzNO8VjMvY,fldg7KP4ZBOVp426W,Last_Modified,dateTime,,,
Survey_Items,tbl9lguOzNO8VjMvY,fldHCOp9NXrZmdVl7,Survey_Region_Item_Results,multipleRecordLinks,checked,tblstb7gvzW7yMmye,Survey_Region_Item_Results
Survey_Items,tbl9lguOzNO8VjMvY,fldjxNxCenDNLINU4,Network Full Credit,number,,,
Survey_Items,tbl9lguOzNO8VjMvY,fldkJ8ubrPNGUJKpR,Survey_Item_Responses_Links,singleLineText,,,
Survey_Items,tbl9lguOzNO8VjMvY,fldLyhBsDGT92DFJx,Network_Top_1,number,,,
Survey_Items,tbl9lguOzNO8VjMvY,fldooWw0j33hzHz87,Administration_Key (from Survey_Results_School_Item_Links),multilineText,,,
Survey_Items,tbl9lguOzNO8VjMvY,fldoSFEJYhSviEMxq,Administrations_Link,multipleRecordLinks,checked,tblErTZCOOpH0S4Xd,Survey_Administrations
Survey_Items,tbl9lguOzNO8VjMvY,fldOYptIV4oFiKbPS,Updated_By,singleLineText,,,
Survey_Items,tbl9lguOzNO8VjMvY,fldpFgNTp9l8pEeaj,Survey_Results_School_Item_Links,singleLineText,,,
Survey_Items,tbl9lguOzNO8VjMvY,fldQIerdmXgW5mVWp,Top_3,multipleSelects,,,
Survey_Items,tbl9lguOzNO8VjMvY,fldqNQIfnjhxVqV3a,Assessment_Responses,singleLineText,,,
Survey_Items,tbl9lguOzNO8VjMvY,fldqvs61eFb6nZqu8,Assessment_Results_Region_Item,singleLineText,,,
Survey_Items,tbl9lguOzNO8VjMvY,fldr5WzbZ46hnJnlG,Item_Prompt,singleLineText,,,
Survey_Items,tbl9lguOzNO8VjMvY,fldr6PDhJS1MLtb9r,Category_Code,multilineText,,,
Survey_Items,tbl9lguOzNO8VjMvY,fldRf8ySCdqX1MHZt,Top_2_Flat,multilineText,,,
Survey_Items,tbl9lguOzNO8VjMvY,fldrTcmuZ2vXmIW5y,Network Blank,number,,,
Survey_Items,tbl9lguOzNO8VjMvY,fldSCO2Qw6aCX66wy,Survey_Region_Item_Results copy,multipleRecordLinks,checked,tblDtbKXeIFK9FxJF,Survey_City_Item_Results
Survey_Items,tbl9lguOzNO8VjMvY,fldTt80WkqbqfbUtT,Network_Top_2,number,,,
Survey_Items,tbl9lguOzNO8VjMvY,fldUIehfSKIrmN2fM,Administration_Key (from Survey_Results_School_Item_Links) copy,multilineText,,,
Survey_Items,tbl9lguOzNO8VjMvY,fldW0c1qNH5cRyCS5,Survey_City_Item_Results copy,multipleRecordLinks,checked,tblHRzJxvjAk3735c,Survey_Network_Item_Results
Survey_Items,tbl9lguOzNO8VjMvY,fldx5z2y7r1QAm76E,Network_Item_Responses,number,,,
Survey_Items,tbl9lguOzNO8VjMvY,fldYstYiRHlBIIJ2u,Top_2,multipleSelects,,,
Survey_Item_Comments,tbla8CWwKDBuQwmtq,fld0OgxriXCVWinMF,Region_Link,multipleRecordLinks,checked,tblKXWbABAC2WoXCn,Regions
Survey_Item_Comments,tbla8CWwKDBuQwmtq,fld1ZxJ5ZVS4kutlq,School_Link,multipleRecordLinks,checked,tblTyVLW0R8MxmQ0S,Schools
Survey_Item_Comments,tbla8CWwKDBuQwmtq,fld7LbexysRT086cc,Survey_Admin,singleSelect,,,
Survey_Item_Comments,tbla8CWwKDBuQwmtq,fld7SMrtvbQM05aBS,Gender_Tags,multipleSelects,,,
Survey_Item_Comments,tbla8CWwKDBuQwmtq,fld9dSclPYDL9raX5,School_Item_Comment_Key,multilineText,,,
Survey_Item_Comments,tbla8CWwKDBuQwmtq,fldbenaKXQ9lRtxq4,Region (from School_Link),singleLineText,,,
Survey_Item_Comments,tbla8CWwKDBuQwmtq,fldDtG0WYHRZYzoeE,Survey_Item,singleLineText,,,
Survey_Item_Comments,tbla8CWwKDBuQwmtq,fldGCbd2bjj1GsMZb,Student_Comment_AT_ID,multilineText,,,
Survey_Item_Comments,tbla8CWwKDBuQwmtq,fldhL5yev7UkzlL9p,Race_Tags,multipleSelects,,,
Survey_Item_Comments,tbla8CWwKDBuQwmtq,fldnuttFK743A5Kkq,School_Link_Lookup,singleLineText,,,
Survey_Item_Comments,tbla8CWwKDBuQwmtq,fldq6XzGEU9bnmq1m,Survey_Item_School_Results (from School_Link),multipleLookupValues,,,
Survey_Item_Comments,tbla8CWwKDBuQwmtq,fldsFogMGmwMcMIjS,Comment_Len,number,,,
Survey_Item_Comments,tbla8CWwKDBuQwmtq,fldssXZLXxOCfCqTJ,School_Item_Results_Key,formula,,,
Survey_Item_Comments,tbla8CWwKDBuQwmtq,fldsUOXgtF3VzDJdK,Survey_Item_Link,multipleRecordLinks,checked,tbl9lguOzNO8VjMvY,Survey_Items
Survey_Item_Comments,tbla8CWwKDBuQwmtq,fldtdDMLFCpmfwrVH,Respondent_Link,singleLineText,,,
Survey_Item_Comments,tbla8CWwKDBuQwmtq,flduIL4Dle4Ffilfz,City,multipleLookupValues,,,
Survey_Item_Comments,tbla8CWwKDBuQwmtq,fldVoRfvl5fuWW5Qp,Survey_Administrations (from School_Link),multipleLookupValues,,,
Survey_Item_Comments,tbla8CWwKDBuQwmtq,fldxwczLRDlHJ1UrB,Comment_Text,multilineText,,,
Survey_Item_Comments,tbla8CWwKDBuQwmtq,fldYJsh7gkpweX4dn,School_Item_Results_Link,multipleRecordLinks,checked,tblwEdi9EQhCsixNd,Survey_School_Item_Results
Survey_Item_Comments,tbla8CWwKDBuQwmtq,fldZzosGFZolvK1vz,School_Item_Report_AT_ID,multipleLookupValues,,,
Cities,tblAb2YQJ4bggKx37,fld6wf3vM9B8npiMH,Schools,multipleRecordLinks,checked,tblTyVLW0R8MxmQ0S,Schools
Cities,tblAb2YQJ4bggKx37,fldM98KoCoBC2dgzV,Assessment_Results_City_Item,multipleRecordLinks,checked,tblYFvQSCkdYt6wMS,Assessment_Results_City_Item
Cities,tblAb2YQJ4bggKx37,fldMKhCouP4FeB2Wk,Regions_Linked,multipleRecordLinks,checked,tblKXWbABAC2WoXCn,Regions
Cities,tblAb2YQJ4bggKx37,fldPoZDzdVOyenwxk,City_Name,singleLineText,,,
Cities,tblAb2YQJ4bggKx37,fldRN3wOUZc4WPpeU,Survey_City_Item_Results,multipleRecordLinks,checked,tblDtbKXeIFK9FxJF,Survey_City_Item_Results
Cities,tblAb2YQJ4bggKx37,fldUVJsM6lhVvnKz0,Schools_Linked,multipleRecordLinks,checked,tblTyVLW0R8MxmQ0S,Schools
Cities,tblAb2YQJ4bggKx37,fldwlPEHvdVtrCOXS,Survey_School_Item_Results,multipleRecordLinks,checked,tblwEdi9EQhCsixNd,Survey_School_Item_Results
Assessment_Results_Region_Item,tblABodO1pkPkYU5F,fld49UMrV7P1baZfL,Region_Extract,formula,,,
Assessment_Results_Region_Item,tblABodO1pkPkYU5F,fld5m6zWufRE0WQTl,School_Item_Result_Key_Formula,formula,,,
Assessment_Results_Region_Item,tblABodO1pkPkYU5F,fld8iOYgrMb11Ekp9,Assessment_Bank,singleLineText,,,
Assessment_Results_Region_Item,tblABodO1pkPkYU5F,fld9Jz3X4OiT3auBc,Domain_Tags,multipleSelects,,,
Assessment_Results_Region_Item,tblABodO1pkPkYU5F,fldbuzWehyhXAfd9q,Standards_Code (from Assessment_Item_Link),multipleLookupValues,,,
Assessment_Results_Region_Item,tblABodO1pkPkYU5F,fldd2dxJHAMzysOpj,Region_Item_Result_AT_ID,formula,,,
Assessment_Results_Region_Item,tblABodO1pkPkYU5F,flddlnoqTV4BNBi7E,Percent_Blanks,formula,,,
Assessment_Results_Region_Item,tblABodO1pkPkYU5F,flddnAwrY4JbnAvb2,Assessment_Item_Link,multipleRecordLinks,checked,tblqIgPFR3mCHjQRo,Assessment_Items
Assessment_Results_Region_Item,tblABodO1pkPkYU5F,fldf762G1PkT7rd1D,Region_Full_Credit_Constructed,formula,,,
Assessment_Results_Region_Item,tblABodO1pkPkYU5F,fldF9F5HIlmAHm173,Region_Item_Result_Key,singleLineText,,,
Assessment_Results_Region_Item,tblABodO1pkPkYU5F,fldG7JfEt9aHlCLvg,Standards_Tags,multipleSelects,,,
Assessment_Results_Region_Item,tblABodO1pkPkYU5F,fldK40qvrdT6CFX4W,Domain (from Assessment_Item_Link),multipleLookupValues,,,
Assessment_Results_Region_Item,tblABodO1pkPkYU5F,fldL7VakLjooRFn2k,Item_Responses,rollup,,,
Assessment_Results_Region_Item,tblABodO1pkPkYU5F,fldLCViqmZVEBZ6jM,Region_Partial_Credit_All_Count,rollup,,,
Assessment_Results_Region_Item,tblABodO1pkPkYU5F,fldlevuStjQmecyVc,Region_Full_Credit_Constructed_Count,rollup,,,
Assessment_Results_Region_Item,tblABodO1pkPkYU5F,fldmOEPhz0Fqaozss,Item_Extract,formula,,,
Assessment_Results_Region_Item,tblABodO1pkPkYU5F,fldmwZewON5KqfKrM,Blanks,rollup,,,
Assessment_Results_Region_Item,tblABodO1pkPkYU5F,fldRKXIzrZ2WEo7Tu,Region_Link,multipleRecordLinks,checked,tblKXWbABAC2WoXCn,Regions
Assessment_Results_Region_Item,tblABodO1pkPkYU5F,fldSpQsYxy2oIKdVZ,Item_Type (from Assessment_Item_Link),multipleLookupValues,,,
Assessment_Results_Region_Item,tblABodO1pkPkYU5F,fldUYOX3qofg0Exnz,Region_Full_Credit_All_Count,rollup,,,
Assessment_Results_Region_Item,tblABodO1pkPkYU5F,fldVEJ5tg7HRy6S7N,Region_MC_Correct_Count,rollup,,,
Assessment_Results_Region_Item,tblABodO1pkPkYU5F,fldVZpGRvoglEmlvL,Percent_Correct,formula,,,
Assessment_Results_Region_Item,tblABodO1pkPkYU5F,fldW7AMehyG0pKAOs,Region_Partial_Percent,formula,,,
Assessment_Results_Region_Item,tblABodO1pkPkYU5F,fldXAF2Jz3N9DDYnM,Assessment_Results_School_Item,multipleRecordLinks,checked,tblD7Kjxmno3JuhAk,Assessment_Results_School_Item
Assessment_Results_Region_Item,tblABodO1pkPkYU5F,fldxFRWwZZ84nv9wE,Region_Full_Credit_Percent,formula,,,
Assessment_Results_Region_Item,tblABodO1pkPkYU5F,fldxsFJOnFn6rFeV3,Region (from Region_Link),multipleLookupValues,,,
Assessment_Import_Log,tblaMuFVHtzyyKKqB,fld0dl9iC1Ewaadbv,First_Item_Column_Letter (from Assessment_Banks),singleLineText,,,
Assessment_Import_Log,tblaMuFVHtzyyKKqB,fld1lTRyqcY8e9P7I,Import_Source,url,,,
Assessment_Import_Log,tblaMuFVHtzyyKKqB,fld2ew4MxZsG8dRyS,Import_ID,multilineText,,,
Assessment_Import_Log,tblaMuFVHtzyyKKqB,fld4VGK2ucSActwq5,Created_Time,dateTime,,,
Assessment_Import_Log,tblaMuFVHtzyyKKqB,fld613WmK1wosqP9m,Status,singleSelect,,,
Assessment_Import_Log,tblaMuFVHtzyyKKqB,fldBSwsf6IONba5EP,Item_Count,singleLineText,,,
Assessment_Import_Log,tblaMuFVHtzyyKKqB,fldcCaT16pTVYybay,Sheet_File_ID,singleLineText,,,
Assessment_Import_Log,tblaMuFVHtzyyKKqB,fldCX5zEJmpFYAorv,Module,singleSelect,,,
Assessment_Import_Log,tblaMuFVHtzyyKKqB,fldCYTyE5PYrGwnMq,Assessment_Banks,multipleRecordLinks,checked,tblwgM7tZ0e1sEpfX,Assessment_Banks
Assessment_Import_Log,tblaMuFVHtzyyKKqB,fldDfhQ4Ue2uIfUPh,Google_Sheet_Created,url,,,
Assessment_Import_Log,tblaMuFVHtzyyKKqB,fldFCEuMcoOq30Gbz,School_Year,singleLineText,,,
Assessment_Import_Log,tblaMuFVHtzyyKKqB,fldGtL2bro7SE4NXr,Assessment_Bank_AT_ID (from Assessment_Banks),singleLineText,,,
Assessment_Import_Log,tblaMuFVHtzyyKKqB,fldh5X9koidGFVKEU,Imported_File_ID_Formula,multilineText,,,
Assessment_Import_Log,tblaMuFVHtzyyKKqB,fldIRDwHeOiCHQuJc,File_Name,singleLineText,,,
Assessment_Import_Log,tblaMuFVHtzyyKKqB,fldJRa336RXfDjvhe,Imported_File,url,,,
Assessment_Import_Log,tblaMuFVHtzyyKKqB,fldk6JLLBHJQ6jTkY,School_Label,singleLineText,,,
Assessment_Import_Log,tblaMuFVHtzyyKKqB,fldmGZ9B9EYBmVPJd,Assessment_Label,multilineText,,,
Assessment_Import_Log,tblaMuFVHtzyyKKqB,fldNqvWY75Z36jESH,Grade,singleSelect,,,
Assessment_Import_Log,tblaMuFVHtzyyKKqB,fldOfhvGa1EmMOm16,Assessment_Import_Link,singleLineText,,,
Assessment_Import_Log,tblaMuFVHtzyyKKqB,fldqtFbnWpqHSmGNZ,School_Link,multipleRecordLinks,checked,tblTyVLW0R8MxmQ0S,Schools
Assessment_Import_Log,tblaMuFVHtzyyKKqB,fldruNFDzlWnwQnU9,Date_Initiated,dateTime,,,
Assessment_Import_Log,tblaMuFVHtzyyKKqB,fldT2RUmUrjLhhyzk,Imported_At,dateTime,,,
Assessment_Import_Log,tblaMuFVHtzyyKKqB,fldu9THTzQX6XXTss,First_Item_Column (from Assessment_Banks),singleLineText,,,
Assessment_Import_Log,tblaMuFVHtzyyKKqB,fldwF3ZhxiV73YXyJ,Responses_Imported,number,,,
Assessment_Import_Log,tblaMuFVHtzyyKKqB,fldwz7a6p98w3jiPJ,Last_Item_Column_Letter (from Assessment_Banks),singleLineText,,,
Assessment_Import_Log,tblaMuFVHtzyyKKqB,fldYl1b3DBJiDX6CS,Added_By,multipleRecordLinks,checked,tblWQJewTlrkfypPP,Users_Sync
Assessment_Import_Log,tblaMuFVHtzyyKKqB,fldYte1IRrCOXW6fe,School_Year_Select,singleSelect,,,
Assessment_Import_Log,tblaMuFVHtzyyKKqB,fldzKpGiyyKI7c33p,Last_Item_Column (from Assessment_Banks),singleLineText,,,
Assessment_Import_Log,tblaMuFVHtzyyKKqB,fldZKtaTLt1eFR8tx,End_Row,number,,,
Assessment_Results_School_Item,tblD7Kjxmno3JuhAk,fld19afWwfzVf4noz,RegionFull_Credit_All,singleLineText,,,
Assessment_Results_School_Item,tblD7Kjxmno3JuhAk,fld1qCHtBndO1Ma8D,City_Blanks_Count,multipleLookupValues,,,
Assessment_Results_School_Item,tblD7Kjxmno3JuhAk,fld2GLtveYmX322bP,School_Item_Source_AT_ID,multilineText,,,
Assessment_Results_School_Item,tblD7Kjxmno3JuhAk,fld2IxrtTUrEMCEms,Region_Item_Results_Link,singleLineText,,,
Assessment_Results_School_Item,tblD7Kjxmno3JuhAk,fld3zrUYXYEeIa0xe,Assessment_ID,singleLineText,,,
Assessment_Results_School_Item,tblD7Kjxmno3JuhAk,fld5IkDlw81FR638S,Check_School_Item_Key,number,,,
Assessment_Results_School_Item,tblD7Kjxmno3JuhAk,fld5Nyz8hZ0D4WNve,Partial_Credit_Count,number,,,
Assessment_Results_School_Item,tblD7Kjxmno3JuhAk,fld5vlPHD4IUim1a8,Region_Link (from School_Link),singleLineText,,,
Assessment_Results_School_Item,tblD7Kjxmno3JuhAk,fld6v8gGkXI1lVMHl,Automation_Run,dateTime,,,
Assessment_Results_School_Item,tblD7Kjxmno3JuhAk,fld77P2fndsxGqn1c,Last_Modified,dateTime,,,
Assessment_Results_School_Item,tblD7Kjxmno3JuhAk,fld7P1YcQaikX1HeB,Full_Credit_Open_Count,number,,,
Assessment_Results_School_Item,tblD7Kjxmno3JuhAk,fld7VV8S25u0uiT9Q,Respondents,number,,,
Assessment_Results_School_Item,tblD7Kjxmno3JuhAk,fldb4dVkuoYLBWbuD,School_AT_ID,singleLineText,,,
Assessment_Results_School_Item,tblD7Kjxmno3JuhAk,fldD6EAb6GozGjqsf,Region_N,singleLineText,,,
Assessment_Results_School_Item,tblD7Kjxmno3JuhAk,flddA4i2p2JdF8DKi,City_Full_Credit_Count,multipleLookupValues,,,
Assessment_Results_School_Item,tblD7Kjxmno3JuhAk,fldeEmFYjLwiWx5QF,City_Lookup,multipleLookupValues,,,
Assessment_Results_School_Item,tblD7Kjxmno3JuhAk,fldEmGDLIeJpnuDIZ,City_Partial_Credit_Count,multipleLookupValues,,,
Assessment_Results_School_Item,tblD7Kjxmno3JuhAk,fldETjdbzxQmtm149,City_Item_Results_Key,formula,,,
Assessment_Results_School_Item,tblD7Kjxmno3JuhAk,fldFPi8d120rQMElg,Full_Credit_Open,number,,,
Assessment_Results_School_Item,tblD7Kjxmno3JuhAk,fldG2JUEaNC0Asagv,School_Link,multipleRecordLinks,checked,tblTyVLW0R8MxmQ0S,Schools
Assessment_Results_School_Item,tblD7Kjxmno3JuhAk,fldgOwOfCCQw50Nmr,Standards_Tags,multipleSelects,,,
Assessment_Results_School_Item,tblD7Kjxmno3JuhAk,fldhhLh7HcCwLdJhS,Assessment_Publication_Key_Formula,multilineText,,,
Assessment_Results_School_Item,tblD7Kjxmno3JuhAk,fldI8LVeYcxxwH4oj,Percent_Correct,number,,,
Assessment_Results_School_Item,tblD7Kjxmno3JuhAk,fldidvBGJbJ5aTZ1a,Full_Credit_All,number,,,
Assessment_Results_School_Item,tblD7Kjxmno3JuhAk,fldIR5OFrEBt0P5pY,Network Blank,singleLineText,,,
Assessment_Results_School_Item,tblD7Kjxmno3JuhAk,fldiyTg1ruxwhAjZC,Item_Responses,number,,,
Assessment_Results_School_Item,tblD7Kjxmno3JuhAk,fldJ5GPs6CKT6LulI,Standards_Code (from Assessment_Item_Link),singleLineText,,,
Assessment_Results_School_Item,tblD7Kjxmno3JuhAk,fldJcIowyykd418Fz,Domain (from Assessment_Item_Link),multipleSelects,,,
Assessment_Results_School_Item,tblD7Kjxmno3JuhAk,fldKCxFVMur7bLgfl,Publication_Status,multipleSelects,,,
Assessment_Results_School_Item,tblD7Kjxmno3JuhAk,fldKjJwjAdeZCNYya,Assessment_Item_Link,multipleRecordLinks,checked,tblqIgPFR3mCHjQRo,Assessment_Items
Assessment_Results_School_Item,tblD7Kjxmno3JuhAk,fldkSbSAxbBO6RFFt,City_Full_Credit_Percent,multipleLookupValues,,,
Assessment_Results_School_Item,tblD7Kjxmno3JuhAk,fldkUaIpDnD9Ge9HT,Region_Item_Results_Key,singleLineText,,,
Assessment_Results_School_Item,tblD7Kjxmno3JuhAk,fldkZKOnuyT4zk56m,School_Item_Analysis_AT_ID,multilineText,,,
Assessment_Results_School_Item,tblD7Kjxmno3JuhAk,fldlDIPg5ohx87xXR,Full_Credit_Count,number,,,
Assessment_Results_School_Item,tblD7Kjxmno3JuhAk,fldm5kBcsggIZI4m4,N_Correct,number,,,
Assessment_Results_School_Item,tblD7Kjxmno3JuhAk,fldMt9WkdRll7Yr4D,School_Item_Result_Key,singleLineText,,,
Assessment_Results_School_Item,tblD7Kjxmno3JuhAk,fldMuR0OYFkFwEOui,School_Item_Result_Key_Formula,multilineText,,,
Assessment_Results_School_Item,tblD7Kjxmno3JuhAk,fldMyawKcGEWcUXtT,Region_Partial_Credit,singleLineText,,,
Assessment_Results_School_Item,tblD7Kjxmno3JuhAk,fldn1K17VVXfaO3u5,Assessment_Bank_Report_AT_ID,multipleLookupValues,,,
Assessment_Results_School_Item,tblD7Kjxmno3JuhAk,fldn7iutHNx5nr3m3,City_Partial_Credit_Percent,multipleLookupValues,,,
Assessment_Results_School_Item,tblD7Kjxmno3JuhAk,fldnGODqPtEypnQPp,Network Partial Credit,singleLineText,,,
Assessment_Results_School_Item,tblD7Kjxmno3JuhAk,fldnQB54LIKCICQqT,Domain_Tags,multipleSelects,,,
Assessment_Results_School_Item,tblD7Kjxmno3JuhAk,fldNSbG2o2xCP6oOK,Region_Link,multipleRecordLinks,checked,tblKXWbABAC2WoXCn,Regions
Assessment_Results_School_Item,tblD7Kjxmno3JuhAk,fldONzntDtYxDgbb3,City,singleLineText,,,
Assessment_Results_School_Item,tblD7Kjxmno3JuhAk,fldpTwdgfRgfVENiu,Assessment_Publication_Link,multipleRecordLinks,checked,tblVFHu4KLIIZCRVj,Assessment_Publication_Log
Assessment_Results_School_Item,tblD7Kjxmno3JuhAk,fldqlF35ad1XTaRi5,Region_Txt,multipleLookupValues,,,
Assessment_Results_School_Item,tblD7Kjxmno3JuhAk,fldqSxriQELHxSqsQ,Network N,singleLineText,,,
Assessment_Results_School_Item,tblD7Kjxmno3JuhAk,fldqZVWwPc7LUXNLN,Item_Order,number,,,
Assessment_Results_School_Item,tblD7Kjxmno3JuhAk,fldRGu38Bm8ZqWV23,Region_Blanks_Percent,multipleLookupValues,,,
Assessment_Results_School_Item,tblD7Kjxmno3JuhAk,fldRmuiwo3hetbvQ5,Assessment_Bank,multipleRecordLinks,checked,tblwgM7tZ0e1sEpfX,Assessment_Banks
Assessment_Results_School_Item,tblD7Kjxmno3JuhAk,fldScVtiJbaMjjCJ1,Item_Extract,multilineText,,,
Assessment_Results_School_Item,tblD7Kjxmno3JuhAk,fldSifvv1SWxVC3fS,City_Item_Responses,multipleLookupValues,,,
Assessment_Results_School_Item,tblD7Kjxmno3JuhAk,fldsuwSZpJfmUeT8p,Check_Region_Item_Result_Key,number,,,
Assessment_Results_School_Item,tblD7Kjxmno3JuhAk,fldSyZFMH3IYhWiIi,Item_Type,singleLineText,,,
Assessment_Results_School_Item,tblD7Kjxmno3JuhAk,fldtQ7mvEIWHd9Bha,Result_Status,singleSelect,,,
Assessment_Results_School_Item,tblD7Kjxmno3JuhAk,fldupwyNYwqWye9E9,Partial_Credit,number,,,
Assessment_Results_School_Item,tblD7Kjxmno3JuhAk,fldVx8ta982vOfUNV,Assessment_Results_City_Item,multipleRecordLinks,checked,tblYFvQSCkdYt6wMS,Assessment_Results_City_Item
Assessment_Results_School_Item,tblD7Kjxmno3JuhAk,fldw2igYy3m9u3cxk,Full_Credit_All_Count,number,,,
Assessment_Results_School_Item,tblD7Kjxmno3JuhAk,fldWOsbBt2jqCZnaI,Region_Blanks_Count,multipleLookupValues,,,
Assessment_Results_School_Item,tblD7Kjxmno3JuhAk,fldxdSVWkVGWgFfH5,Assessment_Bank_Source_AT_ID,singleLineText,,,
Assessment_Results_School_Item,tblD7Kjxmno3JuhAk,fldxt1Q6yd9mF7i6I,Assessment_Results_Region_Item,multipleRecordLinks,checked,tblABodO1pkPkYU5F,Assessment_Results_Region_Item
Assessment_Results_School_Item,tblD7Kjxmno3JuhAk,fldyXVnX2HhBjvndx,Blanks,number,,,
Assessment_Results_School_Item,tblD7Kjxmno3JuhAk,fldza7xwuEe8Oeb6Q,Network Full Credit,singleLineText,,,
Assessment_Results_School_Item,tblD7Kjxmno3JuhAk,fldZqTwoROCGAxWlg,School_Extract,singleLineText,,,
Survey_City_Item_Results,tblDtbKXeIFK9FxJF,fld0kLaVjMQ0Bxo55,Item_Extract,formula,,,
Survey_City_Item_Results,tblDtbKXeIFK9FxJF,fld0SC0cYFdBqldpZ,Question_Type,multipleLookupValues,,,
Survey_City_Item_Results,tblDtbKXeIFK9FxJF,fld2kOIEYUrFD0qjk,Standards_Tags,multipleSelects,,,
Survey_City_Item_Results,tblDtbKXeIFK9FxJF,fld3kOL8t3aoGm5zw,Survey_School_Item_Results,multipleRecordLinks,checked,tblwEdi9EQhCsixNd,Survey_School_Item_Results
Survey_City_Item_Results,tblDtbKXeIFK9FxJF,fld3RuhI7BZoymNtz,City_Link,multipleRecordLinks,checked,tblAb2YQJ4bggKx37,Cities
Survey_City_Item_Results,tblDtbKXeIFK9FxJF,fld4sd5jliBJubNZO,City_Top_2,rollup,,,
Survey_City_Item_Results,tblDtbKXeIFK9FxJF,fld57YsfYKIifgZMA,City_Top_3,rollup,,,
Survey_City_Item_Results,tblDtbKXeIFK9FxJF,fld5fbp3mJ64V2rqo,City_Item_Responses,rollup,,,
Survey_City_Item_Results,tblDtbKXeIFK9FxJF,fld7J8F5ZwjWbIGUM,City_Blanks,rollup,,,
Survey_City_Item_Results,tblDtbKXeIFK9FxJF,fld9PSPfBZcQxc6ps,City_Top_2_Percent,formula,,,
Survey_City_Item_Results,tblDtbKXeIFK9FxJF,fldAXj963yQBDY06i,Item_Type,multipleSelects,,,
Survey_City_Item_Results,tblDtbKXeIFK9FxJF,fldb6td765JKlZpZk,Standards_Code (from Assessment_Item_Link),singleLineText,,,
Survey_City_Item_Results,tblDtbKXeIFK9FxJF,fldfRS2RCmlSLzOGO,Region_Txt (from Survey_School_Item_Results),rollup,,,
Survey_City_Item_Results,tblDtbKXeIFK9FxJF,fldH7JnSOYfOh8IAG,Region_Link,multipleRecordLinks,checked,tblKXWbABAC2WoXCn,Regions
Survey_City_Item_Results,tblDtbKXeIFK9FxJF,fldHkMcQhgINpG9pi,City_Top_1_Percent,formula,,,
Survey_City_Item_Results,tblDtbKXeIFK9FxJF,fldNgOYBAvjWGSIHS,City_Top_1,rollup,,,
Survey_City_Item_Results,tblDtbKXeIFK9FxJF,fldpu0hjxU6Zx1hN6,Domain_Tags,multipleSelects,,,
Survey_City_Item_Results,tblDtbKXeIFK9FxJF,fldRMxNkRh6DKqjVr,Survey_Item_Link,multipleRecordLinks,checked,tbl9lguOzNO8VjMvY,Survey_Items
Survey_City_Item_Results,tblDtbKXeIFK9FxJF,fldSDOsjFJ8Nwr7km,Domain (from Assessment_Item_Link),singleLineText,,,
Survey_City_Item_Results,tblDtbKXeIFK9FxJF,flduKxvmUrAwlylyH,City_Respondents,rollup,,,
Survey_City_Item_Results,tblDtbKXeIFK9FxJF,fldwOmeyX9HxKURMN,City_Link (from Survey_School_Item_Results),rollup,,,
Survey_City_Item_Results,tblDtbKXeIFK9FxJF,fldxqF4Zw1srpX40h,City_Item_Result_Key,singleLineText,,,
Survey_City_Item_Results,tblDtbKXeIFK9FxJF,fldzQbCADtrii5VLn,City_Top_3_Percent,formula,,,
Survey_Respondents,tblE1rwPUjtxodIvZ,fld19zc0ilYxp0U5e,Sound_Financial_Decisions_Top2,number,,,
Survey_Respondents,tblE1rwPUjtxodIvZ,fld1CZcyIey9XFlre,Value_Diversity,singleSelect,,,
Survey_Respondents,tblE1rwPUjtxodIvZ,fld2cDxsmUTMy3G8U,Postsec_Goals_Top3,number,,,
Survey_Respondents,tblE1rwPUjtxodIvZ,fld2cqLT7xBE5MCjo,Set_Goals_Top3,number,,,
Survey_Respondents,tblE1rwPUjtxodIvZ,fld2jC5UTGzm2e5Iy,Plan_Prosperous_Top3,number,,,
Survey_Respondents,tblE1rwPUjtxodIvZ,fld2nduDtu9Q4VMZc,Financial_Literacy_Top2,number,,,
Survey_Respondents,tblE1rwPUjtxodIvZ,fld3SDTj86Ouf1BJC,Network_Support_Top3,number,,,
Survey_Respondents,tblE1rwPUjtxodIvZ,fld3vI51faeVmcHJi,New Orleans: Select Your School,singleLineText,,,
Survey_Respondents,tblE1rwPUjtxodIvZ,fld4jn1e4yuIl21X7,Independent_Action_Top3,number,,,
Survey_Respondents,tblE1rwPUjtxodIvZ,fld4qw6eDfEq5IbU8,Approaches_Funding,singleSelect,,,
Survey_Respondents,tblE1rwPUjtxodIvZ,fld4R126GKxZyTvXD,City (from School_Link),multipleSelects,,,
Survey_Respondents,tblE1rwPUjtxodIvZ,fld4SMeqJxXfZKfgi,Identify_Supports_Top3,number,,,
Survey_Respondents,tblE1rwPUjtxodIvZ,fld4SMSIXxCIS3Nrg,Applications_Goals_Top2,number,,,
Survey_Respondents,tblE1rwPUjtxodIvZ,fld5I7KLvWZyQgfQu,Community_Networking_Top2,number,,,
Survey_Respondents,tblE1rwPUjtxodIvZ,fld5Z28jbRWFm5btf,Community_Networking_Top3,number,,,
Survey_Respondents,tblE1rwPUjtxodIvZ,fld5zN9bjjqIGZmTE,Region_Link,multipleRecordLinks,checked,tblKXWbABAC2WoXCn,Regions
Survey_Respondents,tblE1rwPUjtxodIvZ,fld6rvY5IrpVX4vSe,DC: Select Your School,singleSelect,,,
Survey_Respondents,tblE1rwPUjtxodIvZ,fld7gfJdQnwtsth37,Ability_Pursue_Top2,number,,,
Survey_Respondents,tblE1rwPUjtxodIvZ,fld7GoYsyVEwf8wG4,Independent_Action_Top2,number,,,
Survey_Respondents,tblE1rwPUjtxodIvZ,fld7MJx1bbJnoP3JR,Education_Plans,multilineText,,,
Survey_Respondents,tblE1rwPUjtxodIvZ,fld7zjHpUDWFNnVUk,Balanced_Wishlist_Top2,number,,,
Survey_Respondents,tblE1rwPUjtxodIvZ,fld8lj3Z4yFQxUSLu,Financial_Literacy_Top3,number,,,
Survey_Respondents,tblE1rwPUjtxodIvZ,fld9bg1YXkO06znVm,Just_World_Top3,number,,,
Survey_Respondents,tblE1rwPUjtxodIvZ,fld9qgA0NXCHqjSmp,ID,number,,,
Survey_Respondents,tblE1rwPUjtxodIvZ,fldA5idS2vefLMDUA,Ownership_Funding_Top2,number,,,
Survey_Respondents,tblE1rwPUjtxodIvZ,fldaH5aNfoalMw3xH,Email,singleSelect,,,
Survey_Respondents,tblE1rwPUjtxodIvZ,fldB1H8FJ4xQ0nkUi,Improve_ACT_SAT_Top2,number,,,
Survey_Respondents,tblE1rwPUjtxodIvZ,fldbhAuw2p3jBezbU,Choice_Filled_Top2,number,,,
Survey_Respondents,tblE1rwPUjtxodIvZ,fldBHmuc8rwvndyJp,Three_Topics,singleLineText,,,
Survey_Respondents,tblE1rwPUjtxodIvZ,fldBJKHgRr9BqH1GF,Goals_ACT_SAT_GPA,singleSelect,,,
Survey_Respondents,tblE1rwPUjtxodIvZ,fldBmgbNl7cw0ncFQ,Applications_Goals_Top3,number,,,
Survey_Respondents,tblE1rwPUjtxodIvZ,fldBnGxuJmJYuCbXF,Recognize_Emotions_Top3,number,,,
Survey_Respondents,tblE1rwPUjtxodIvZ,fldbwrYCvdXxzY1zd,Test_Strategies,singleSelect,,,
Survey_Respondents,tblE1rwPUjtxodIvZ,fldByrWv5a80ZyJMy,Connect_Interests_Top2,number,,,
Survey_Respondents,tblE1rwPUjtxodIvZ,fldCanfYsQx8oxQGG,Assets_Challenges,singleSelect,,,
Survey_Respondents,tblE1rwPUjtxodIvZ,fldcIVMwaFqpBMK60,School_AT_ID (from School_Link),singleLineText,,,
Survey_Respondents,tblE1rwPUjtxodIvZ,fldCjB9j9OaaGPMgj,Systems_Power,singleSelect,,,
Survey_Respondents,tblE1rwPUjtxodIvZ,fldCkdO99OldLi44q,Independent_Action,singleSelect,,,
Survey_Respondents,tblE1rwPUjtxodIvZ,fldcLOR2pjsreu5Nd,Connect_Interests,singleSelect,,,
Survey_Respondents,tblE1rwPUjtxodIvZ,fldcnl1YDwXh68R0I,Overcome_Challenges_Top2,number,,,
Survey_Respondents,tblE1rwPUjtxodIvZ,fldD8DT3asd1E1TEm,Relate_Career_Goals,singleSelect,,,
Survey_Respondents,tblE1rwPUjtxodIvZ,flddduIzOlx0IQbh3,Labor_Market_Top2,number,,,
Survey_Respondents,tblE1rwPUjtxodIvZ,flddfkygSDPpICMMo,Sources_Funding_Top2,number,,,
Survey_Respondents,tblE1rwPUjtxodIvZ,fldDI64MVLO8e12lX,Ownership_Funding_Top3,number,,,
Survey_Respondents,tblE1rwPUjtxodIvZ,flddKsbwSdvGsqvZH,Achieve_Vision,singleSelect,,,
Survey_Respondents,tblE1rwPUjtxodIvZ,fldDMuZzTq5jlXpdr,Systems_Power_Top2,number,,,
Survey_Respondents,tblE1rwPUjtxodIvZ,flddUdCc7dPFltYYS,Evaluate_Costs_Top3,number,,,
Survey_Respondents,tblE1rwPUjtxodIvZ,fldebid9eOrRF3Zy1,Start time,dateTime,,,
Survey_Respondents,tblE1rwPUjtxodIvZ,fldeJOewUUnif5YfN,Region (from School_Link),singleLineText,,,
Survey_Respondents,tblE1rwPUjtxodIvZ,fldeztHvhH0f2t6LO,Identify_Supports,singleSelect,,,
Survey_Respondents,tblE1rwPUjtxodIvZ,fldF7pgeAJIfR3ife,New Jersey/Miami: Select Your School,singleSelect,,,
Survey_Respondents,tblE1rwPUjtxodIvZ,fldfCNyVwM2uuoOBw,Agency_Financial,singleSelect,,,
Survey_Respondents,tblE1rwPUjtxodIvZ,fldFI2SYwiVDB1Z7c,Understand_PostSec_Landscape_Top3,number,,,
Survey_Respondents,tblE1rwPUjtxodIvZ,fldfLbOn3W3OHigF7,Assets_Challenges_Top3,number,,,
Survey_Respondents,tblE1rwPUjtxodIvZ,fldfZIVxEzT42dbKZ,Key_Takeaways,multilineText,,,
Survey_Respondents,tblE1rwPUjtxodIvZ,fldG5ofmyPLpFmc7Y,Sound_Financial_Decisions_Top3,number,,,
Survey_Respondents,tblE1rwPUjtxodIvZ,fldglZ4R2ejjQuZ0w,Expanded_Datetime,dateTime,,,
Survey_Respondents,tblE1rwPUjtxodIvZ,fldgMhmFHTUbAOjhW,Emotions_Habits,singleSelect,,,
Survey_Respondents,tblE1rwPUjtxodIvZ,fldgNAmfkis53YfCP,Just_World_Top2,number,,,
Survey_Respondents,tblE1rwPUjtxodIvZ,fldGonH7njJypkn4T,School_Name,multipleLookupValues,,,
Survey_Respondents,tblE1rwPUjtxodIvZ,fldGU6zxpF8jw4O78,Systems_Power_Top3,number,,,
Survey_Respondents,tblE1rwPUjtxodIvZ,fldguxHxMJHhU4fO6,College_Career_Financial_Decisions,singleSelect,,,
Survey_Respondents,tblE1rwPUjtxodIvZ,fldH1HLo0jbrQRVHe,Recognize_Emotions_Top2,number,,,
Survey_Respondents,tblE1rwPUjtxodIvZ,fldhFOz7prLIK0bH5,Identify_Barriers_Top3,number,,,
Survey_Respondents,tblE1rwPUjtxodIvZ,fldhO6bI9YliSBGBQ,Massachusetts: Select Your School,singleLineText,,,
Survey_Respondents,tblE1rwPUjtxodIvZ,fldhqPhmtz97woUsr,College_Career_Financial_Decisions_Top2,number,,,
Survey_Respondents,tblE1rwPUjtxodIvZ,fldHUk7yz4mQBK7UJ,Identify_Barriers,singleSelect,,,
Survey_Respondents,tblE1rwPUjtxodIvZ,fldhZaskHZMe5C0dT,Analyze_Applications_Top3,number,,,
Survey_Respondents,tblE1rwPUjtxodIvZ,fldi0lgvS4qg7ZNxh,Ownership_Funding,singleSelect,,,
Survey_Respondents,tblE1rwPUjtxodIvZ,fldI2DzW9E4suQOc9,Network_Support,singleSelect,,,
Survey_Respondents,tblE1rwPUjtxodIvZ,fldiRQClsE8OvevCE,Analyze_Applications_Top2,number,,,
Survey_Respondents,tblE1rwPUjtxodIvZ,fldIW88jq3AWpbdcJ,Connect_Interests_Top3,number,,,
Survey_Respondents,tblE1rwPUjtxodIvZ,fldjI5jtAaqK1eL5f,Applications_Goals,singleSelect,,,
Survey_Respondents,tblE1rwPUjtxodIvZ,fldJJiMC7QvI6hxOc,Colorado: Select Your School,singleSelect,,,
Survey_Respondents,tblE1rwPUjtxodIvZ,fldJofLUwwhP5WNCv,Agency_Financial_Top3,number,,,
Survey_Respondents,tblE1rwPUjtxodIvZ,fldk8i0cAUrvE8Pti,Identify_Supports_Top2,number,,,
Survey_Respondents,tblE1rwPUjtxodIvZ,fldkPIg2r01V4L8nO,Full_School_Name,multipleLookupValues,,,
Survey_Respondents,tblE1rwPUjtxodIvZ,fldKSE9AjavD4gWul,Dominant_Culture_Top2,number,,,
Survey_Respondents,tblE1rwPUjtxodIvZ,fldKUd1YVSlWhhA9z,Emotions_Habits_Top3,number,,,
Survey_Respondents,tblE1rwPUjtxodIvZ,fldKvlI1XOvwdOdyb,Approaches_Funding_Top3,number,,,
Survey_Respondents,tblE1rwPUjtxodIvZ,fldkzM0jFtw7xamVT,Professional_Brand_Top2,number,,,
Survey_Respondents,tblE1rwPUjtxodIvZ,fldl0pmesgVDkBlly,Status,singleSelect,,,
Survey_Respondents,tblE1rwPUjtxodIvZ,fldL1nV1coFzXHUZE,Gender_Select,multipleSelects,,,
Survey_Respondents,tblE1rwPUjtxodIvZ,fldLB1vsnr7GIIzXN,Understand_PostSec_Landscape_Top2,number,,,
Survey_Respondents,tblE1rwPUjtxodIvZ,fldLb6n8nhgX9CAGE,Texas: Select Your School,singleSelect,,,
Survey_Respondents,tblE1rwPUjtxodIvZ,fldlbPgLWoVTWFgsX,Completion time,dateTime,,,
Survey_Respondents,tblE1rwPUjtxodIvZ,fldlCOpW0uRjJnFBE,Select the KIPP Region where you attend or attended ,singleSelect,,,
Survey_Respondents,tblE1rwPUjtxodIvZ,fldLcUvjHOJpztgyP,Agency_Financial_Top2,number,,,
Survey_Respondents,tblE1rwPUjtxodIvZ,fldlkkXYH6eG8zO2D,Relate_Career_Goals_Top2,number,,,
Survey_Respondents,tblE1rwPUjtxodIvZ,fldLqTNZ6c6q7ztap,Respondent_Key,multilineText,,,
Survey_Respondents,tblE1rwPUjtxodIvZ,fldlqvzQBw7LdCoxK,Plan_Prosperous_Top2,number,,,
Survey_Respondents,tblE1rwPUjtxodIvZ,fldMVM9ym0CvnQAEM,Analyze_Applications,singleSelect,,,
Survey_Respondents,tblE1rwPUjtxodIvZ,fldMyyIdynRPBJP0v,Emotions_Habits_Top2,number,,,
Survey_Respondents,tblE1rwPUjtxodIvZ,fldMZvnEsbdZdiuAY,Goals_ACT_SAT_GPA_Top2,number,,,
Survey_Respondents,tblE1rwPUjtxodIvZ,fldn2EW4dHbvjCyP3,Improve_ACT_SAT,singleSelect,,,
Survey_Respondents,tblE1rwPUjtxodIvZ,fldnAiTRlQNt9sdnW,Ability_Pursue,singleSelect,,,
Survey_Respondents,tblE1rwPUjtxodIvZ,fldne3C8Y2mpDIxm9,Assets_Challenges_Top2,number,,,
Survey_Respondents,tblE1rwPUjtxodIvZ,fldNHbmsU5qLiBBpt,Identify_Barriers_Top2,number,,,
Survey_Respondents,tblE1rwPUjtxodIvZ,fldNkN1Vn630sfyZB,Sound_Financial_Decisions,singleSelect,,,
Survey_Respondents,tblE1rwPUjtxodIvZ,fldNUWZJAk3WHdZCW,Set_Goals_Top2,number,,,
Survey_Respondents,tblE1rwPUjtxodIvZ,fldNY42SQPwWqycCF,Workplace_Expectations,singleSelect,,,
Survey_Respondents,tblE1rwPUjtxodIvZ,fldNysny773jL7gHP,Understand_ACT_SAT,singleSelect,,,
Survey_Respondents,tblE1rwPUjtxodIvZ,fldNzKTRzloMTgi5f,Overcome_Challenges,singleSelect,,,
Survey_Respondents,tblE1rwPUjtxodIvZ,fldoBFaTHA57bzNiS,Achieve_Vision_Top3,number,,,
Survey_Respondents,tblE1rwPUjtxodIvZ,fldoenRoI1kIhnqsb,Error_Expanding_Message,multilineText,,,
Survey_Respondents,tblE1rwPUjtxodIvZ,fldoHxMOpi1hMmLIJ,Survey_Item_Responses,singleLineText,,,
Survey_Respondents,tblE1rwPUjtxodIvZ,fldokQuXvEDPt6s2a,Choice_Filled_Top3,number,,,
Survey_Respondents,tblE1rwPUjtxodIvZ,fldP0XfhdOSz2GUgy,Recognize_Emotions,singleSelect,,,
Survey_Respondents,tblE1rwPUjtxodIvZ,fldp1iDY3Kx41wO8l,Student_Item_Comments,multipleRecordLinks,checked,tbla8CWwKDBuQwmtq,Survey_Item_Comments
Survey_Respondents,tblE1rwPUjtxodIvZ,fldp5ut5mL0tIWGpZ,Achieve_Vision_Top2,number,,,
Survey_Respondents,tblE1rwPUjtxodIvZ,fldPALbymJRWrnu8O,College_Career_Financial_Decisions_Top3,number,,,
Survey_Respondents,tblE1rwPUjtxodIvZ,fldPDYEnjb7gxrN1U,Balanced_Wishlist,singleSelect,,,
Survey_Respondents,tblE1rwPUjtxodIvZ,fldPpiy9gPEVoFAWn,School_Name (from School_Link),singleLineText,,,
Survey_Respondents,tblE1rwPUjtxodIvZ,fldq4YrG0dZcei6zt,Student_Response_AT_ID,multilineText,,,
Survey_Respondents,tblE1rwPUjtxodIvZ,fldqCire7gAeZirH0,Financial_Literacy,singleSelect,,,
Survey_Respondents,tblE1rwPUjtxodIvZ,fldQI1utiO8ttmL2C,Understand_PostSec_Landscape,singleSelect,,,
Survey_Respondents,tblE1rwPUjtxodIvZ,fldqt6hVoB07ZROPo,Breakdown_Applications_Top3,number,,,
Survey_Respondents,tblE1rwPUjtxodIvZ,fldQTMQeH9o5vl0GQ,Value_Diversity_Top3,number,,,
Survey_Respondents,tblE1rwPUjtxodIvZ,fldr7uP0GZKlFzaCD,Understand_ACT_SAT_Top2,number,,,
Survey_Respondents,tblE1rwPUjtxodIvZ,fldR8MboJP7IAyB0C,Workplace_Expectations_Top2,number,,,
Survey_Respondents,tblE1rwPUjtxodIvZ,fldrB5XjLDUyd4Ivc,NorCal: Select Your School,singleLineText,,,
Survey_Respondents,tblE1rwPUjtxodIvZ,fldrBvHLewKvVsHRx,Select Your Grade,singleSelect,,,
Survey_Respondents,tblE1rwPUjtxodIvZ,fldrP9CYZu7htEb7C,Labor_Market,singleSelect,,,
Survey_Respondents,tblE1rwPUjtxodIvZ,fldrrxl5TKWujgVR5,Evaluate_Costs,singleSelect,,,
Survey_Respondents,tblE1rwPUjtxodIvZ,flds0eebITEcENQ0y,Survey_Admin,singleSelect,,,
Survey_Respondents,tblE1rwPUjtxodIvZ,fldSLz9F78rkGzWbD,Ability_Pursue_Top3,number,,,
Survey_Respondents,tblE1rwPUjtxodIvZ,fldth1nTnEMSJaed9,Network_Support_Top2,number,,,
Survey_Respondents,tblE1rwPUjtxodIvZ,fldTLQBXWscE3vb97,Dominant_Culture,singleSelect,,,
Survey_Respondents,tblE1rwPUjtxodIvZ,fldtoKoKkJgRYbGms,Professional_Brand,singleSelect,,,
Survey_Respondents,tblE1rwPUjtxodIvZ,fldtT9BM6sZLVkzJq,Persevere_Goals_Top2,number,,,
Survey_Respondents,tblE1rwPUjtxodIvZ,fldtTGNnjQVwwpJjU,Relate_Career_Goals_Top3,number,,,
Survey_Respondents,tblE1rwPUjtxodIvZ,fldTX0YS8j4cAsVFT,Persevere_Goals,singleSelect,,,
Survey_Respondents,tblE1rwPUjtxodIvZ,fldtXeN3L2BrsIArd,Approaches_Funding_Top2,number,,,
Survey_Respondents,tblE1rwPUjtxodIvZ,fldu97M1XVSvUqOSd,Plan_Prosperous,singleSelect,,,
Survey_Respondents,tblE1rwPUjtxodIvZ,fldubpxTRBvPS7Mjo,Race_Multiselect,multipleSelects,,,
Survey_Respondents,tblE1rwPUjtxodIvZ,flducTAiwp1fRTGGY,Sources_Funding,singleSelect,,,
Survey_Respondents,tblE1rwPUjtxodIvZ,fldufrpegBx5tWBH3,Understand_ACT_SAT_Top3,number,,,
Survey_Respondents,tblE1rwPUjtxodIvZ,fldUHG9mcmdSPosdU,Workplace_Expectations_Top3,number,,,
Survey_Respondents,tblE1rwPUjtxodIvZ,fldUHPr5QUA2NWeZj,Value_Diversity_Top2,number,,,
Survey_Respondents,tblE1rwPUjtxodIvZ,fldujSCY2xVlEbhkX,Optional_Email,singleLineText,,,
Survey_Respondents,tblE1rwPUjtxodIvZ,flduljSxLJ2GeSLfp,Career_Interests,multilineText,,,
Survey_Respondents,tblE1rwPUjtxodIvZ,fldUnUs5Bnp4hHzbq,Gender,singleLineText,,,
Survey_Respondents,tblE1rwPUjtxodIvZ,flduyFawBS44mUuDM,Postsec_Goals_Top2,number,,,
Survey_Respondents,tblE1rwPUjtxodIvZ,fldUzQ1H0uhVcOekM,Professional_Brand_Top3,number,,,
Survey_Respondents,tblE1rwPUjtxodIvZ,fldV6ZXVs9dvEdFa3,Persevere_Goals_Top3,number,,,
Survey_Respondents,tblE1rwPUjtxodIvZ,fldvBNirj2bqQ4093,Goals_ACT_SAT_GPA_Top3,number,,,
Survey_Respondents,tblE1rwPUjtxodIvZ,fldvFLrNDFVg4j1j8,Race_Ethnicity,singleLineText,,,
Survey_Respondents,tblE1rwPUjtxodIvZ,fldvFnLIOOtUFLKw7,Improve_ACT_SAT_Top3,number,,,
Survey_Respondents,tblE1rwPUjtxodIvZ,fldvjIkulGiT3UmWG,Changes_Seminar,multilineText,,,
Survey_Respondents,tblE1rwPUjtxodIvZ,fldVlonRlGDrZ6jPk,Overcome_Challenges_Top3,number,,,
Survey_Respondents,tblE1rwPUjtxodIvZ,fldVNZTzQZ2SdmasY,Test_Strategies_Top3,number,,,
Survey_Respondents,tblE1rwPUjtxodIvZ,fldvyMjhY7aqQyxYG,Sources_Funding_Top3,number,,,
Survey_Respondents,tblE1rwPUjtxodIvZ,fldw0YfOELF194U1g,Name,singleLineText,,,
Survey_Respondents,tblE1rwPUjtxodIvZ,fldwGeKPYX7ymBPfH,Just_World,singleSelect,,,
Survey_Respondents,tblE1rwPUjtxodIvZ,fldwx6KJyGOtvLQdU,Balanced_Wishlist_Top3,number,,,
Survey_Respondents,tblE1rwPUjtxodIvZ,fldXilWoHpON2NzjJ,Breakdown_Applications,singleSelect,,,
Survey_Respondents,tblE1rwPUjtxodIvZ,fldxLtNUt7MWumYo4,Optional_Interview,singleSelect,,,
Survey_Respondents,tblE1rwPUjtxodIvZ,fldXnjqxIIgknZ8Kf,Dominant_Culture_Top3,number,,,
Survey_Respondents,tblE1rwPUjtxodIvZ,fldxPEjJDHgaGsZLX,Community_Networking,singleSelect,,,
Survey_Respondents,tblE1rwPUjtxodIvZ,fldxRkG2PkzZQbnel,Evaluate_Costs_Top2,number,,,
Survey_Respondents,tblE1rwPUjtxodIvZ,fldxSnEIzVMtThvEt,School_Link,multipleRecordLinks,checked,tblTyVLW0R8MxmQ0S,Schools
Survey_Respondents,tblE1rwPUjtxodIvZ,fldY6Wk1IoTGcB94b,Set_Goals,singleSelect,,,
Survey_Respondents,tblE1rwPUjtxodIvZ,fldY7gqX7YInyIK3X,Choice_Filled,singleSelect,,,
Survey_Respondents,tblE1rwPUjtxodIvZ,fldye4zUoQ0z1gHXU,Survey_Responses,singleLineText,,,
Survey_Respondents,tblE1rwPUjtxodIvZ,fldYeRCYrYDj3mBjt,Test_Strategies_Top2,number,,,
Survey_Respondents,tblE1rwPUjtxodIvZ,fldYfURfUZ6TeAgO8,Labor_Market_Top3,number,,,
Survey_Respondents,tblE1rwPUjtxodIvZ,fldZFsNofhyuVmFKs,Delta: Select Your School,singleSelect,,,
Survey_Respondents,tblE1rwPUjtxodIvZ,fldZgwHKkbykuNk4Y,Breakdown_Applications_Top2,number,,,
Survey_Respondents,tblE1rwPUjtxodIvZ,fldzh2mzZhVLoZzea,Optional_Survey,singleLineText,,,
Survey_Respondents,tblE1rwPUjtxodIvZ,fldZtj3MfonQePezX,Postsec_Goals,singleSelect,,,
Survey_Administrations,tblErTZCOOpH0S4Xd,fld2fpXvqfTCCRtZB,Survey_Items_Rollup,multilineText,,,
Survey_Administrations,tblErTZCOOpH0S4Xd,fld3tuBr5SX6AekhW,Survey_Items_Rollup copy,multilineText,,,
Survey_Administrations,tblErTZCOOpH0S4Xd,fld5EFKq8b8SgDRjG,Item_Responses_Rollup,rollup,,,
Survey_Administrations,tblErTZCOOpH0S4Xd,fldIfEhK96TwynlKH,Survey_Results_School_Item,singleLineText,,,
Survey_Administrations,tblErTZCOOpH0S4Xd,fldKDLwertpLMP9k1,Name,singleLineText,,,
Survey_Administrations,tblErTZCOOpH0S4Xd,fldkimhwJiDHMo1pM,Survey_Admin_AT_ID,formula,,,
Survey_Administrations,tblErTZCOOpH0S4Xd,fldmvDG0gFiTcfBFX,Survey_Items,multipleRecordLinks,checked,tbl9lguOzNO8VjMvY,Survey_Items
Survey_Administrations,tblErTZCOOpH0S4Xd,fldmXUTNXmSlSzWas,School_AT_ID (from School_Links),multipleLookupValues,,,
Survey_Administrations,tblErTZCOOpH0S4Xd,fldQdQjlixNzBcllf,School_Links,multipleRecordLinks,checked,tblTyVLW0R8MxmQ0S,Schools
Survey_Administrations,tblErTZCOOpH0S4Xd,fldrcESd7twPUY9iY,Schools_Included,rollup,,,
Survey_Administrations,tblErTZCOOpH0S4Xd,fldusOhHK20Xoun9M,Seminar Grade,singleSelect,,,
Survey_Administrations,tblErTZCOOpH0S4Xd,fldWvruC72T6PN8sv,School Year,singleSelect,,,
Survey_Administrations,tblErTZCOOpH0S4Xd,fldXhg4ZfF9jC7dVI,Survey_Results_School_Item_Source,multipleRecordLinks,checked,tblwEdi9EQhCsixNd,Survey_School_Item_Results
Schema_Registry,tblh7nH6NpGC1Qvsa,fld39sI8BXbraXM5v,Field_ID,singleLineText,,,
Schema_Registry,tblh7nH6NpGC1Qvsa,fld4650Bjk75zCDWV,Is_Linked_Field,checkbox,,,
Schema_Registry,tblh7nH6NpGC1Qvsa,fld6ig5mLEqeKDJ3K,Field_Name,singleLineText,,,
Schema_Registry,tblh7nH6NpGC1Qvsa,fldaHM9tvB9VoVp84,Field_Type,singleLineText,,,
Schema_Registry,tblh7nH6NpGC1Qvsa,fldEeiaKO1Z7pb93Q,Linked_Table_ID,singleLineText,,,
Schema_Registry,tblh7nH6NpGC1Qvsa,fldGDEdBx1J3424S7,Linked_Table,singleLineText,,,
Schema_Registry,tblh7nH6NpGC1Qvsa,fldImgMmLfBxHXrQg,Table_ID,singleLineText,,,
Schema_Registry,tblh7nH6NpGC1Qvsa,fldoJz7DCyU8o7HdL,Table_Name,singleLineText,,,
Schema_Registry,tblh7nH6NpGC1Qvsa,fldRk3Fk8YLGvej7C,Schema_AT_ID,formula,,,
Survey_Network_Item_Results,tblHRzJxvjAk3735c,fld2a9LeO0htQTH9R,Network_Agree_Count,formula,,,
Survey_Network_Item_Results,tblHRzJxvjAk3735c,fld4g0ZMfg8bkNJLw,Question_Type,multipleLookupValues,,,
Survey_Network_Item_Results,tblHRzJxvjAk3735c,fld4I99vAnLAvZUrC,Item_Extract,formula,,,
Survey_Network_Item_Results,tblHRzJxvjAk3735c,fld6IcHefvmfxsWFR,Standards_Tags,multipleSelects,,,
Survey_Network_Item_Results,tblHRzJxvjAk3735c,fld7IcKIKE5YAOBV3,Survey_School_Item_Results,multipleRecordLinks,checked,tblwEdi9EQhCsixNd,Survey_School_Item_Results
Survey_Network_Item_Results,tblHRzJxvjAk3735c,fld8QB4TCTwjoDjll,Network_Top_2,rollup,,,
Survey_Network_Item_Results,tblHRzJxvjAk3735c,fld9DzoDDk1EPuXMV,Network_Item_Responses,rollup,,,
Survey_Network_Item_Results,tblHRzJxvjAk3735c,fld9vmrPflDS9Iv87,Network_Top_3,rollup,,,
Survey_Network_Item_Results,tblHRzJxvjAk3735c,fldb7wEFg7ew5acgj,Network_Blanks,rollup,,,
Survey_Network_Item_Results,tblHRzJxvjAk3735c,fldBO33zNCn1jpAmO,Network_Survey_Item_Result_Key,singleLineText,,,
Survey_Network_Item_Results,tblHRzJxvjAk3735c,fldcAlBYqZusZ6qE0,Network_Neutral_Count,formula,,,
Survey_Network_Item_Results,tblHRzJxvjAk3735c,fldddgOPSA7qrECLZ,Network_Top_2_Percent,formula,,,
Survey_Network_Item_Results,tblHRzJxvjAk3735c,fldDezBaU4mScxr7U,Network_Top_3_Percent,formula,,,
Survey_Network_Item_Results,tblHRzJxvjAk3735c,fldElH8Gk9LbxqwsP,Item_Type,multipleSelects,,,
Survey_Network_Item_Results,tblHRzJxvjAk3735c,fldflky4bej4A1O1U,Network_Strongly_Agree_Count,formula,,,
Survey_Network_Item_Results,tblHRzJxvjAk3735c,fldfuRcHnGEkfrVlR,Standards_Code (from Assessment_Item_Link),singleLineText,,,
Survey_Network_Item_Results,tblHRzJxvjAk3735c,fldLIabqyRDnj8FLP,Network_Top_1_Percent,formula,,,
Survey_Network_Item_Results,tblHRzJxvjAk3735c,fldM3FG0pDZx9ZnkY,Network_Negative_Count,formula,,,
Survey_Network_Item_Results,tblHRzJxvjAk3735c,fldREcXbR6ewAke3p,Network_Top_1,rollup,,,
Survey_Network_Item_Results,tblHRzJxvjAk3735c,fldtSogTOv1zrtN9D,Domain_Tags,multipleSelects,,,
Survey_Network_Item_Results,tblHRzJxvjAk3735c,fldVaVMU8S1dESPhY,Survey_Item_Link,multipleRecordLinks,checked,tbl9lguOzNO8VjMvY,Survey_Items
Survey_Network_Item_Results,tblHRzJxvjAk3735c,fldW1crTWk3nqTDGT,Domain (from Assessment_Item_Link),singleLineText,,,
Survey_Network_Item_Results,tblHRzJxvjAk3735c,fldy8VuWb2v6f0RUe,Network_Respondents,rollup,,,
Survey_Publication_Log,tblivkJrNbr5Ej097,fld8Uqhyp4wg4eaYG,Status,singleSelect,,,
Survey_Publication_Log,tblivkJrNbr5Ej097,fldALThxfmxVLj6J2,Publication_Status_Closed,number,,,
Survey_Publication_Log,tblivkJrNbr5Ej097,fldBu0jrFqavUGcqs,Publication_Status_Total,number,,,
Survey_Publication_Log,tblivkJrNbr5Ej097,fldDeGqjZUBPe24PA,School_ID_Extract,multilineText,,,
Survey_Publication_Log,tblivkJrNbr5Ej097,fldDlYYj5CivvkV1A,Survey_Publication_AT_ID,multilineText,,,
Survey_Publication_Log,tblivkJrNbr5Ej097,fldM6KSr69F7ldVpT,School_Year,singleSelect,,,
Survey_Publication_Log,tblivkJrNbr5Ej097,fldqxSErEY0TV1Rzz,Publication_Complete,number,,,
Survey_Publication_Log,tblivkJrNbr5Ej097,fldSkykowYa83aOQY,School_Results_School_Item,singleLineText,,,
Survey_Publication_Log,tblivkJrNbr5Ej097,fldU9HOWZHDVrLqke,Schools,singleLineText,,,
Survey_Publication_Log,tblivkJrNbr5Ej097,fldWjvZNRa883zuPr,Publication_Status_Published,number,,,
Survey_Publication_Log,tblivkJrNbr5Ej097,fldWTrAflzBqEN1l0,Survey_Results_School_Item_Source,multipleRecordLinks,checked,tblwEdi9EQhCsixNd,Survey_School_Item_Results
Survey_Publication_Log,tblivkJrNbr5Ej097,fldx6TjKfFzSaaPop,Survey_Publication_Key,singleLineText,,,
Regions,tblKXWbABAC2WoXCn,fld46oG2B6jh3w1N7,Survey_Region_Item_Results,multipleRecordLinks,checked,tblstb7gvzW7yMmye,Survey_Region_Item_Results
Regions,tblKXWbABAC2WoXCn,fld5SZ93gAR8DfvJO,Assessment_Results_Region_Item copy,singleLineText,,,
Regions,tblKXWbABAC2WoXCn,fld7T3aLfB8IuCFYA,Survey_Respondents,multipleRecordLinks,checked,tblE1rwPUjtxodIvZ,Survey_Respondents
Regions,tblKXWbABAC2WoXCn,fldaU3D9a3qEhmhSk,School_Name,multipleLookupValues,,,
Regions,tblKXWbABAC2WoXCn,fldf6ojJkf2UEpcYy,Survey_Region_Item_Results copy,multipleRecordLinks,checked,tblDtbKXeIFK9FxJF,Survey_City_Item_Results
Regions,tblKXWbABAC2WoXCn,fldG2J2Vfeb9gvJKo,Assessment_Results_School_Item,singleLineText,,,
Regions,tblKXWbABAC2WoXCn,fldHOSwZFFYZu7T2B,Assessment_Results_Region_Item,multipleRecordLinks,checked,tblABodO1pkPkYU5F,Assessment_Results_Region_Item
Regions,tblKXWbABAC2WoXCn,fldi8rjqC28JDP6Rb,Survey_Item_School_Results,singleLineText,,,
Regions,tblKXWbABAC2WoXCn,fldjuMijBQXuyRIk5,Survey_City_Item_Results copy,singleLineText,,,
Regions,tblKXWbABAC2WoXCn,fldkil8A1KtIqA8UQ,Region,singleSelect,,,
Regions,tblKXWbABAC2WoXCn,fldKn3eABKa4VaEdF,Region_Logo,multipleAttachments,,,
Regions,tblKXWbABAC2WoXCn,fldKwZz1xRXjkZagG,Survey_School_Item_Results,multipleRecordLinks,checked,tblwEdi9EQhCsixNd,Survey_School_Item_Results
Regions,tblKXWbABAC2WoXCn,fldMTAxP7oQla2y7V,Survey_Item_Comments,multipleRecordLinks,checked,tbla8CWwKDBuQwmtq,Survey_Item_Comments
Regions,tblKXWbABAC2WoXCn,fldN0INzdvmU2KWY3,Users,singleLineText,,,
Regions,tblKXWbABAC2WoXCn,fldTaFzxdAFX7OPjD,Schools_Linked,multipleRecordLinks,checked,tblTyVLW0R8MxmQ0S,Schools
Regions,tblKXWbABAC2WoXCn,fldUdh0LrRASKJjGt,Email_Domain,singleLineText,,,
Regions,tblKXWbABAC2WoXCn,fldvcR5wzmj0oPGmB,Region_Name,singleLineText,,,
Assessment_Items,tblqIgPFR3mCHjQRo,fld1CVGc5h3yOCtiE,Assessment_Import_Item_Map,singleLineText,,,
Assessment_Items,tblqIgPFR3mCHjQRo,fld1KgweTT62N7OEd,Domain,singleLineText,,,
Assessment_Items,tblqIgPFR3mCHjQRo,fld2xMgvEtkGCspDD,Assessment_Results_Region_Item 2,multipleRecordLinks,checked,tblABodO1pkPkYU5F,Assessment_Results_Region_Item
Assessment_Items,tblqIgPFR3mCHjQRo,fld3XO0HHDImkAX0i,Item_Label,singleLineText,,,
Assessment_Items,tblqIgPFR3mCHjQRo,fld8YCtfyaEEAEay8,Network Partial Credit,percent,,,
Assessment_Items,tblqIgPFR3mCHjQRo,fldaIuyELpb95ZPYO,Item_Order,number,,,
Assessment_Items,tblqIgPFR3mCHjQRo,fldB6tMhh2IWyrxh1,Domain_Multi_Select,multipleSelects,,,
Assessment_Items,tblqIgPFR3mCHjQRo,fldBJGTxjJnaamOns,Grade,singleSelect,,,
Assessment_Items,tblqIgPFR3mCHjQRo,fldBVoxaccobaBeES,Option_C,singleLineText,,,
Assessment_Items,tblqIgPFR3mCHjQRo,fldDVHimMpfHELM2A,Option_D,singleLineText,,,
Assessment_Items,tblqIgPFR3mCHjQRo,fldFU5gteLRwuh4nB,Item_Notes,richText,,,
Assessment_Items,tblqIgPFR3mCHjQRo,fldgAsYZ7SQPQhgd3,Assessment_Responses,singleLineText,,,
Assessment_Items,tblqIgPFR3mCHjQRo,fldGWekG6mVookDPS,Network Blank,number,,,
Assessment_Items,tblqIgPFR3mCHjQRo,fldHcON6VS7fFWVhf,Assessment_ID,singleSelect,,,
Assessment_Items,tblqIgPFR3mCHjQRo,fldi3nHzB840wj9Nh,Rubric_Reference,richText,,,
Assessment_Items,tblqIgPFR3mCHjQRo,fldj1YJEjtcNbY1EG,Correct_MC_Flat,multilineText,,,
Assessment_Items,tblqIgPFR3mCHjQRo,fldkhELrB7O1vCumg,Option_A,singleLineText,,,
Assessment_Items,tblqIgPFR3mCHjQRo,fldKr3qP6jSuMbIGg,Assessment_Bank_Analysis_AT_ID,singleLineText,,,
Assessment_Items,tblqIgPFR3mCHjQRo,fldKT8A1rOdZ2rPUa,Correct_MC_Response,multipleSelects,,,
Assessment_Items,tblqIgPFR3mCHjQRo,fldmhJvugGogB8Upi,Option_F,singleLineText,,,
Assessment_Items,tblqIgPFR3mCHjQRo,fldmJA6Xxa1mR0Giq,Prompt,richText,,,
Assessment_Items,tblqIgPFR3mCHjQRo,fldN3MBVrbLZev5g2,Item_AT_ID,multilineText,,,
Assessment_Items,tblqIgPFR3mCHjQRo,fldoE9cpop72l3Mig,Item_Display_Label,multilineText,,,
Assessment_Items,tblqIgPFR3mCHjQRo,fldOqaAxug6ESz99d,Column_Key (from Assessment_Import_Item_Map),singleLineText,,,
Assessment_Items,tblqIgPFR3mCHjQRo,fldoVzOI147m2nIO5,Option_E,singleLineText,,,
Assessment_Items,tblqIgPFR3mCHjQRo,fldPCtnBa45QhMvO7,Assessment_Results_School_Item,singleLineText,,,
Assessment_Items,tblqIgPFR3mCHjQRo,fldpK8SK6pLajGkGf,Last_Modified,dateTime,,,
Assessment_Items,tblqIgPFR3mCHjQRo,fldpPnGEEwrqR1OqG,Assessment_Results_Region_Item,singleLineText,,,
Assessment_Items,tblqIgPFR3mCHjQRo,fldPXW79TDN2IkBpM,Option_B,singleLineText,,,
Assessment_Items,tblqIgPFR3mCHjQRo,fldqBTTzfodPLA1kQ,Assessment_Results_Region_Item copy,multipleRecordLinks,checked,tblYFvQSCkdYt6wMS,Assessment_Results_City_Item
Assessment_Items,tblqIgPFR3mCHjQRo,fldqkI4MHP6jDglEW,Points_Possible,number,,,
Assessment_Items,tblqIgPFR3mCHjQRo,fldqpFOlKg3bQIlSL,Network N,number,,,
Assessment_Items,tblqIgPFR3mCHjQRo,fldQQqDq7KY5M4lDi,Correct_Response_Text,singleLineText,,,
Assessment_Items,tblqIgPFR3mCHjQRo,fldr0xkPw4Ntxgbwx,Assessment_Bank_Link,multipleRecordLinks,checked,tblwgM7tZ0e1sEpfX,Assessment_Banks
Assessment_Items,tblqIgPFR3mCHjQRo,fldTLBECpjpz19dLT,Updated_By,singleLineText,,,
Assessment_Items,tblqIgPFR3mCHjQRo,fldU08ZQIRzG8fBl4,Assessment_Bank_Report_AT_ID,multipleLookupValues,,,
Assessment_Items,tblqIgPFR3mCHjQRo,fldUIa12oTmeSFSTn,Network Full Credit,percent,,,
Assessment_Items,tblqIgPFR3mCHjQRo,flduRhj1jmZDktGkj,Module,singleSelect,,,
Assessment_Items,tblqIgPFR3mCHjQRo,fldXIIoj6eT0Rv6Ia,Standards_Multi_Select,multipleSelects,,,
Assessment_Items,tblqIgPFR3mCHjQRo,fldXkWpMr9gRSYKwj,Assessment_Item_AT_ID,formula,,,
Assessment_Items,tblqIgPFR3mCHjQRo,fldZlS0EIBvqNlKhl,Item_Type,singleSelect,,,
Assessment_Items,tblqIgPFR3mCHjQRo,fldZP8P9ZJp65iyAg,Prompt_Image,multipleAttachments,,,
Assessment_Items,tblqIgPFR3mCHjQRo,fldzPGtOpe2wczCO1,Standards_Code,singleLineText,,,
Survey_Region_Item_Results,tblstb7gvzW7yMmye,fld06tAqnW07K6eOT,Standards_Code (from Assessment_Item_Link),singleLineText,,,
Survey_Region_Item_Results,tblstb7gvzW7yMmye,fld7zB28hHUAY85zy,Region_Strongly_Agree_Count,formula,,,
Survey_Region_Item_Results,tblstb7gvzW7yMmye,fldcaMxUWThqmufih,Survey_Item_Link (from Survey_School_Item_Results),rollup,,,
Survey_Region_Item_Results,tblstb7gvzW7yMmye,fldCgOlURmAj5Zxwr,Region_Top_1,rollup,,,
Survey_Region_Item_Results,tblstb7gvzW7yMmye,fldeu0ECOLnmW86CF,Domain_Tags,multipleSelects,,,
Survey_Region_Item_Results,tblstb7gvzW7yMmye,fldeWSJJsQTKFc6PH,Survey_Reports_School_Item_Source,singleLineText,,,
Survey_Region_Item_Results,tblstb7gvzW7yMmye,fldfFVBNxpaJo3srH,Percent_Correct,multilineText,,,
Survey_Region_Item_Results,tblstb7gvzW7yMmye,fldGMxaD88n09x8K0,Survey_Item_Link,multipleRecordLinks,checked,tbl9lguOzNO8VjMvY,Survey_Items
Survey_Region_Item_Results,tblstb7gvzW7yMmye,fldHDOPCWApaVyW9V,Domain (from Assessment_Item_Link),singleLineText,,,
Survey_Region_Item_Results,tblstb7gvzW7yMmye,fldhlIkWWckfBvtlY,Question_Type (from Survey_Item_Link),multipleLookupValues,,,
Survey_Region_Item_Results,tblstb7gvzW7yMmye,fldjKxSFbiRTKFang,Region_Respondents,rollup,,,
Survey_Region_Item_Results,tblstb7gvzW7yMmye,fldmgXDu4fLW2mRk0,School_Item_Result_Key_Formula,multilineText,,,
Survey_Region_Item_Results,tblstb7gvzW7yMmye,fldmqFriNSJOO4TPQ,Region_Item_Result_Key,singleLineText,,,
Survey_Region_Item_Results,tblstb7gvzW7yMmye,fldN5vemIuIKHU4sJ,Percent_Partial,multilineText,,,
Survey_Region_Item_Results,tblstb7gvzW7yMmye,fldNgZPwASFEOwt2i,Region_Negative_Count,formula,,,
Survey_Region_Item_Results,tblstb7gvzW7yMmye,fldo5MLXiMBtP3gdP,Region_Txt (from Survey_School_Item_Results),multipleLookupValues,,,
Survey_Region_Item_Results,tblstb7gvzW7yMmye,fldoQbZTUkIFHcKAW,Region_Top_3_Percent,formula,,,
Survey_Region_Item_Results,tblstb7gvzW7yMmye,fldPkLxeAD7n0EdUE,Item_Extract,multilineText,,,
Survey_Region_Item_Results,tblstb7gvzW7yMmye,fldpXjwpkp7Y25PVR,Item_Type,multipleSelects,,,
Survey_Region_Item_Results,tblstb7gvzW7yMmye,fldQ18M6AlwzMrcKr,Region_Extract,formula,,,
Survey_Region_Item_Results,tblstb7gvzW7yMmye,fldRkO5XfLI227f8T,Standards_Tags,multipleSelects,,,
Survey_Region_Item_Results,tblstb7gvzW7yMmye,fldSkO8rKUrL5tUo5,Survey_School_Item_Results,multipleRecordLinks,checked,tblwEdi9EQhCsixNd,Survey_School_Item_Results
Survey_Region_Item_Results,tblstb7gvzW7yMmye,fldTsdsCC9S6TiCOn,Region_Top_2,rollup,,,
Survey_Region_Item_Results,tblstb7gvzW7yMmye,fldU7YPyfBZFEnOB9,Region_Top_3,rollup,,,
Survey_Region_Item_Results,tblstb7gvzW7yMmye,fldUfbMmDAnrk9gfX,Region_Item_Responses,rollup,,,
Survey_Region_Item_Results,tblstb7gvzW7yMmye,fldUZ5qBha1oKjt3d,Full_Credit_All,multilineText,,,
Survey_Region_Item_Results,tblstb7gvzW7yMmye,fldvgNEnqogv2vus9,Full_Credit_Open,multilineText,,,
Survey_Region_Item_Results,tblstb7gvzW7yMmye,fldvnuhTkPm16zW8J,Region_Neutral_Count,formula,,,
Survey_Region_Item_Results,tblstb7gvzW7yMmye,fldVnY39955K5FuOk,Region_Agree_Count,formula,,,
Survey_Region_Item_Results,tblstb7gvzW7yMmye,fldw7JKb5PwbGfxpf,Region_Link,multipleRecordLinks,checked,tblKXWbABAC2WoXCn,Regions
Survey_Region_Item_Results,tblstb7gvzW7yMmye,fldWJ82ognAjAPvJl,Region_Blanks,rollup,,,
Survey_Region_Item_Results,tblstb7gvzW7yMmye,fldwkMz9y7ZaONYeR,Region_Top_1_Percent,formula,,,
Survey_Region_Item_Results,tblstb7gvzW7yMmye,fldYPScySQtdWjVe1,Region_Top_2_Percent,formula,,,
Schools,tblTyVLW0R8MxmQ0S,fld10qMN7rUNOtBuF,Email_Domain,singleLineText,,,
Schools,tblTyVLW0R8MxmQ0S,fld1E9ChL6Gem4CMm,Survey_Item_Comments,multipleRecordLinks,checked,tbla8CWwKDBuQwmtq,Survey_Item_Comments
Schools,tblTyVLW0R8MxmQ0S,fld46W7Hsg5nza9sd,Assessment_Results_School_Item_Array,singleLineText,,,
Schools,tblTyVLW0R8MxmQ0S,fld7Jd1WHPRILYUMD,School_Image,multipleAttachments,,,
Schools,tblTyVLW0R8MxmQ0S,fldak6DqnJDi4FNqL,Active,checkbox,,,
Schools,tblTyVLW0R8MxmQ0S,fldavJA3rMo8i5E8V,Import_Log,singleLineText,,,
Schools,tblTyVLW0R8MxmQ0S,fldCiH3kVCoMJwtgr,Full_School_Name,singleLineText,,,
Schools,tblTyVLW0R8MxmQ0S,fldCVgx9A6pJHFF3K,Survey_Item_School_Results,multipleRecordLinks,checked,tblwEdi9EQhCsixNd,Survey_School_Item_Results
Schools,tblTyVLW0R8MxmQ0S,fldEaG6WA1Qwt263z,Survey_Administrations,multipleRecordLinks,checked,tblErTZCOOpH0S4Xd,Survey_Administrations
Schools,tblTyVLW0R8MxmQ0S,fldEzcWugu2zDRkE3,Region,singleSelect,,,
Schools,tblTyVLW0R8MxmQ0S,fldJ5Jmx85mGivLiS,Survey_Respondents,multipleRecordLinks,checked,tblE1rwPUjtxodIvZ,Survey_Respondents
Schools,tblTyVLW0R8MxmQ0S,fldJe8IoGG2jczZ1i,Users,singleLineText,,,
Schools,tblTyVLW0R8MxmQ0S,fldjQISMXszQ8NM9o,City_Link,multipleRecordLinks,checked,tblAb2YQJ4bggKx37,Cities
Schools,tblTyVLW0R8MxmQ0S,fldkmn1w46T2TNPAA,School_Name,singleLineText,,,
Schools,tblTyVLW0R8MxmQ0S,fldN5rqVA6yNFejhu,City,singleSelect,,,
Schools,tblTyVLW0R8MxmQ0S,fldNOCiLp6lerEEts,Region_Link,multipleRecordLinks,checked,tblKXWbABAC2WoXCn,Regions
Schools,tblTyVLW0R8MxmQ0S,fldyiqjvgiVoTEfcB,Assessment_Results_School_Item,singleLineText,,,
Schools,tblTyVLW0R8MxmQ0S,fldYRvOIufGscvTGl,School_AT_ID,formula,,,
Assessment_Publication_Log,tblVFHu4KLIIZCRVj,fld0S5HU5kGxsdPEU,Assessment_Bank_AT_ID (from Assessment_Bank_Link),singleLineText,,,
Assessment_Publication_Log,tblVFHu4KLIIZCRVj,fld6jMxnNwzkal0XM,Assessment_Bank_Extract,multilineText,,,
Assessment_Publication_Log,tblVFHu4KLIIZCRVj,fldaaLBMtfl4G6qyK,School_Year_Lookup,multipleSelects,,,
Assessment_Publication_Log,tblVFHu4KLIIZCRVj,fldCJdeBaLCw5dHV4,Module,multipleSelects,,,
Assessment_Publication_Log,tblVFHu4KLIIZCRVj,fldCke0NHIUEUCE4C,School_AT_ID (from School_Link),singleLineText,,,
Assessment_Publication_Log,tblVFHu4KLIIZCRVj,fldclJNtkwT0Zb6sn,Assessment_Results_School_Item_Source,multipleRecordLinks,checked,tblD7Kjxmno3JuhAk,Assessment_Results_School_Item
Assessment_Publication_Log,tblVFHu4KLIIZCRVj,fldeCOzgGCTH6FG2K,Assessment_Publication_AT_ID,multilineText,,,
Assessment_Publication_Log,tblVFHu4KLIIZCRVj,fldHoxORrSxk0LYyB,Assessment_Publication_Key,multilineText,,,
Assessment_Publication_Log,tblVFHu4KLIIZCRVj,fldJh96O9tM66zP0q,Item_Count (from Assessment_Bank_Link),singleLineText,,,
Assessment_Publication_Log,tblVFHu4KLIIZCRVj,fldKx6PVxGnkQq9wI,Assessment_Run_Key,multilineText,,,
Assessment_Publication_Log,tblVFHu4KLIIZCRVj,fldLNek4xEFU6Fwy0,School_Name (from School_Link),singleLineText,,,
Assessment_Publication_Log,tblVFHu4KLIIZCRVj,fldpZAwDNfCcrLgXv,Status,singleSelect,,,
Assessment_Publication_Log,tblVFHu4KLIIZCRVj,fldQvAZw6p7fznYHG,School_ID_Extract,multilineText,,,
Assessment_Publication_Log,tblVFHu4KLIIZCRVj,fldTcosNUTnOXv5i0,Assessment_Bank_Link,multipleRecordLinks,checked,tblwgM7tZ0e1sEpfX,Assessment_Banks
Assessment_Publication_Log,tblVFHu4KLIIZCRVj,fldv8UjGjtLPMFKX2,School_Year,singleSelect,,,
Assessment_Publication_Log,tblVFHu4KLIIZCRVj,fldwinGkUsiI5GvRK,School_Link,multipleRecordLinks,checked,tblTyVLW0R8MxmQ0S,Schools
Assessment_Publication_Log,tblVFHu4KLIIZCRVj,fldWmfOHBRZxF1UbU,Grade Level,multipleSelects,,,
Assessment_Publication_Log,tblVFHu4KLIIZCRVj,fldXgK8CTfXMR4Zmd,Assessment_Results_School_Item,singleLineText,,,
Survey_School_Item_Results,tblwEdi9EQhCsixNd,fld050GmIGm6HrHhI,Standards_Codes_Txt,singleLineText,,,
Survey_School_Item_Results,tblwEdi9EQhCsixNd,fld3cPLsCXK7P9k7Y,Region_Top3_Percent,multipleLookupValues,,,
Survey_School_Item_Results,tblwEdi9EQhCsixNd,fld4k8Gm8M4fCJI4z,City_Top_3 (from Survey_City_Item_Results_Link),multipleLookupValues,,,
Survey_School_Item_Results,tblwEdi9EQhCsixNd,fld4ozuJ7a770PO69,School_Item_Result_Key,singleLineText,,,
Survey_School_Item_Results,tblwEdi9EQhCsixNd,fld5uAOLEGPnmmyz7,Region_Neutral_Count,multipleLookupValues,,,
Survey_School_Item_Results,tblwEdi9EQhCsixNd,fld5Yv5FCAVLUB2v4,Last_Modified,dateTime,,,
Survey_School_Item_Results,tblwEdi9EQhCsixNd,fld6759V3dL5mcmNM,Percent_Top_2,number,,,
Survey_School_Item_Results,tblwEdi9EQhCsixNd,fld6PF7vYVSziBWBP,City_Respondents (from Survey_City_Item_Results_Link),multipleLookupValues,,,
Survey_School_Item_Results,tblwEdi9EQhCsixNd,fld6rmPa7REiL0k8F,Region_Item_Results_Link,multipleRecordLinks,checked,tblstb7gvzW7yMmye,Survey_Region_Item_Results
Survey_School_Item_Results,tblwEdi9EQhCsixNd,fld7glC0uneem2gUP,Region_Item_Results_Key,singleLineText,,,
Survey_School_Item_Results,tblwEdi9EQhCsixNd,fld7RZkJKPhYCivEj,City_Top_2_Percent (from Survey_City_Item_Results_Link),multipleLookupValues,,,
Survey_School_Item_Results,tblwEdi9EQhCsixNd,fld8Jnc2nk5xCRjRd,Network_Strongly_Agree_Count,multipleLookupValues,,,
Survey_School_Item_Results,tblwEdi9EQhCsixNd,fld9z89CPEf0orUu8,Network_Top_3 (from Survey_Network_Item_Results_Link),multipleLookupValues,,,
Survey_School_Item_Results,tblwEdi9EQhCsixNd,fldAdrxqEz3AAO0ZH,Survey_Administrations,multipleRecordLinks,checked,tblErTZCOOpH0S4Xd,Survey_Administrations
Survey_School_Item_Results,tblwEdi9EQhCsixNd,fldadxhPkJ70YIiMy,Region_Top1_Count,multipleLookupValues,,,
Survey_School_Item_Results,tblwEdi9EQhCsixNd,fldaeXzFGsYhmv5bp,Respondent_Keys,multilineText,,,
Survey_School_Item_Results,tblwEdi9EQhCsixNd,fldAtYe5mpKjfMQFT,Network_Top_2_Percent (from Survey_Network_Item_Results_Link),multipleLookupValues,,,
Survey_School_Item_Results,tblwEdi9EQhCsixNd,fldauLLZqkys82JpR,Region_Top3_Count,multipleLookupValues,,,
Survey_School_Item_Results,tblwEdi9EQhCsixNd,fldAwTjuNHBBiPzcE,City_Item_Responses (from Survey_City_Item_Results_Link),multipleLookupValues,,,
Survey_School_Item_Results,tblwEdi9EQhCsixNd,fldaXRZ2yvBmAMjy3,City_Top_1_Percent (from Survey_City_Item_Results_Link),multipleLookupValues,,,
Survey_School_Item_Results,tblwEdi9EQhCsixNd,fldB3KPuQYcFQvThK,Respondents,number,,,
Survey_School_Item_Results,tblwEdi9EQhCsixNd,fldBXWAIoxXrdi4Vu,Top_2_Count,number,,,
Survey_School_Item_Results,tblwEdi9EQhCsixNd,fldC3rCCxjnXYQvPf,Network_Top_3_Percent (from Survey_Network_Item_Results_Link),multipleLookupValues,,,
Survey_School_Item_Results,tblwEdi9EQhCsixNd,fldce4NiYAWQDaieT,Region_Top2_Percent,multipleLookupValues,,,
Survey_School_Item_Results,tblwEdi9EQhCsixNd,fldcjPBZpYR1vvVyb,Schools,multipleRecordLinks,checked,tblTyVLW0R8MxmQ0S,Schools
Survey_School_Item_Results,tblwEdi9EQhCsixNd,fldddqVbQJ5jopzOV,Region_Item_Responses,multipleLookupValues,,,
Survey_School_Item_Results,tblwEdi9EQhCsixNd,flddeWmmGKFRE7F0B,Survey_Publication_Link,multipleRecordLinks,checked,tblivkJrNbr5Ej097,Survey_Publication_Log
Survey_School_Item_Results,tblwEdi9EQhCsixNd,flddOtcoxH1Ym0kcc,Top_1_Count,number,,,
Survey_School_Item_Results,tblwEdi9EQhCsixNd,flddt0cPOi0HCtHDC,Region_Blanks,multipleLookupValues,,,
Survey_School_Item_Results,tblwEdi9EQhCsixNd,fldDUdlnKvb8ooART,Region_Link,multipleRecordLinks,checked,tblKXWbABAC2WoXCn,Regions
Survey_School_Item_Results,tblwEdi9EQhCsixNd,fldf65ecbdIj3BjlG,Network_Item_Responses,multipleLookupValues,,,
Survey_School_Item_Results,tblwEdi9EQhCsixNd,fldf6cS2oAox0sDy0,Publication_Status,singleSelect,,,
Survey_School_Item_Results,tblwEdi9EQhCsixNd,fldfQxCmzvw20T3OE,Network_Top_2 (from Survey_Network_Item_Results_Link),multipleLookupValues,,,
Survey_School_Item_Results,tblwEdi9EQhCsixNd,fldFX6LSQgO5B3wip,School_Negative_Count,formula,,,
Survey_School_Item_Results,tblwEdi9EQhCsixNd,fldgW4f9DElKGzuTp,Network_Respondents (from Survey_Network_Item_Results_Link),multipleLookupValues,,,
Survey_School_Item_Results,tblwEdi9EQhCsixNd,fldh6CDTrFoeAuobh,Region_Negative_Count,multipleLookupValues,,,
Survey_School_Item_Results,tblwEdi9EQhCsixNd,fldhrmsRQ0nVmTvj6,Survey_City_Item_Results_Link,multipleRecordLinks,checked,tblDtbKXeIFK9FxJF,Survey_City_Item_Results
Survey_School_Item_Results,tblwEdi9EQhCsixNd,fldHXULmjF0Ht8V40,Category_Select_Lookup,multipleLookupValues,,,
Survey_School_Item_Results,tblwEdi9EQhCsixNd,fldicr62U4znQPUTt,Question_Label_Txt,singleLineText,,,
Survey_School_Item_Results,tblwEdi9EQhCsixNd,fldIE4MX7waHq7Tq1,Network_Top_1_Percent (from Survey_Network_Item_Results_Link),multipleLookupValues,,,
Survey_School_Item_Results,tblwEdi9EQhCsixNd,fldj08RLyIGvdtF1m,Category_Code (from Survey_Item_Link) 2,singleLineText,,,
Survey_School_Item_Results,tblwEdi9EQhCsixNd,fldjd1H35upepHiyb,Region_Agree_Count,multipleLookupValues,,,
Survey_School_Item_Results,tblwEdi9EQhCsixNd,fldJN438hIUw9GgFT,Network_Agree_Count,multipleLookupValues,,,
Survey_School_Item_Results,tblwEdi9EQhCsixNd,fldKI1vr0TBAHOvO7,Question_Prompt,multipleLookupValues,,,
Survey_School_Item_Results,tblwEdi9EQhCsixNd,fldkv9dqfSWmafSp7,School_Neutral_Count,formula,,,
Survey_School_Item_Results,tblwEdi9EQhCsixNd,fldLDCYHWvqpwwliu,Item_Type,singleSelect,,,
Survey_School_Item_Results,tblwEdi9EQhCsixNd,fldlEB1jGs3wuhQ2D,City_Top_2 (from Survey_City_Item_Results_Link),multipleLookupValues,,,
Survey_School_Item_Results,tblwEdi9EQhCsixNd,fldlgx29hpwuUffu3,Standards_Tags,multipleSelects,,,
Survey_School_Item_Results,tblwEdi9EQhCsixNd,fldlPKrr7Bivgl1FD,Survey_Network_Item_Results_Link,multipleRecordLinks,checked,tblHRzJxvjAk3735c,Survey_Network_Item_Results
Survey_School_Item_Results,tblwEdi9EQhCsixNd,fldLuBBg5Fn1WJl4a,City_Txt,singleLineText,,,
Survey_School_Item_Results,tblwEdi9EQhCsixNd,fldM1VhkzfOCVdLLC,Blanks,number,,,
Survey_School_Item_Results,tblwEdi9EQhCsixNd,fldMCWGcwKD6GjCGs,Administration_Key,multilineText,,,
Survey_School_Item_Results,tblwEdi9EQhCsixNd,fldNn7sMNxWuEstgx,School_Agree_Count,formula,,,
Survey_School_Item_Results,tblwEdi9EQhCsixNd,fldPikDQwDylFP9eW,Item_Order (from Survey_Item_Link),singleLineText,,,
Survey_School_Item_Results,tblwEdi9EQhCsixNd,fldPkBHlPzWiSXcCq,City_Item_Result_Key,formula,,,
Survey_School_Item_Results,tblwEdi9EQhCsixNd,fldplFj8fgHlqVbF5,Region_Strongly_Agree_Count,multipleLookupValues,,,
Survey_School_Item_Results,tblwEdi9EQhCsixNd,fldqfBKwElPqEFCma,City_Top_1 (from Survey_City_Item_Results_Link),multipleLookupValues,,,
Survey_School_Item_Results,tblwEdi9EQhCsixNd,fldQzLmi8XruL8bXy,School_Item_Result_AT_ID,singleLineText,,,
Survey_School_Item_Results,tblwEdi9EQhCsixNd,fldrbEADx6gYUdxUD,Item_Responses,number,,,
Survey_School_Item_Results,tblwEdi9EQhCsixNd,fldRd4TpyXgZ7tZ9d,Percent_Top_1,number,,,
Survey_School_Item_Results,tblwEdi9EQhCsixNd,fldsCAvQpE3WPS55S,Network_Top_1 (from Survey_Network_Item_Results_Link),multipleLookupValues,,,
Survey_School_Item_Results,tblwEdi9EQhCsixNd,fldSz9bSAdlPHdXBA,Network_Item_Key,singleLineText,,,
Survey_School_Item_Results,tblwEdi9EQhCsixNd,fldT3YQtIlSy9kbnN,Survey_School_AT_ID,singleLineText,,,
Survey_School_Item_Results,tblwEdi9EQhCsixNd,fldtjpQj548GEYj94,Survey_Publication_Key_Txt,singleLineText,,,
Survey_School_Item_Results,tblwEdi9EQhCsixNd,fldualar2UioiuZ4u,School_Link,singleLineText,,,
Survey_School_Item_Results,tblwEdi9EQhCsixNd,fldUCmuGWIhYlB1Ef,Network_Negative_Count,multipleLookupValues,,,
Survey_School_Item_Results,tblwEdi9EQhCsixNd,flduxwjCrxdy2VgmN,Category_Code (from Survey_Item_Link),multipleLookupValues,,,
Survey_School_Item_Results,tblwEdi9EQhCsixNd,fldv25DvAyR3rto1y,Region_Respondents,multipleLookupValues,,,
Survey_School_Item_Results,tblwEdi9EQhCsixNd,fldVEf0N6VtoLFDFm,School_Strongly_Agree_Count,formula,,,
Survey_School_Item_Results,tblwEdi9EQhCsixNd,fldw2i1mOvZSZwwNM,Survey_Item_Responses,multilineText,,,
Survey_School_Item_Results,tblwEdi9EQhCsixNd,fldW6byiTdsyHXLXI,Top_3_Count,number,,,
Survey_School_Item_Results,tblwEdi9EQhCsixNd,fldwaujNsRIIh04FK,Network_Neutral_Count,multipleLookupValues,,,
Survey_School_Item_Results,tblwEdi9EQhCsixNd,fldWE1xuqjQxgG4h8,City_Blanks (from Survey_City_Item_Results_Link),multipleLookupValues,,,
Survey_School_Item_Results,tblwEdi9EQhCsixNd,fldwHkCVIdc14OkQF,Region_Top1_Percent,multipleLookupValues,,,
Survey_School_Item_Results,tblwEdi9EQhCsixNd,fldx7eJudN1RjHiaS,Network_Blanks (from Survey_Network_Item_Results_Link),multipleLookupValues,,,
Survey_School_Item_Results,tblwEdi9EQhCsixNd,fldxDD7urc1idscn4,Item_Order,number,,,
Survey_School_Item_Results,tblwEdi9EQhCsixNd,fldXji8NhihMsATYj,Question_Type (from Survey_Item_Link),multipleSelects,,,
Survey_School_Item_Results,tblwEdi9EQhCsixNd,fldXz6o9VlSRvNsPN,City_Link,multipleRecordLinks,checked,tblAb2YQJ4bggKx37,Cities
Survey_School_Item_Results,tblwEdi9EQhCsixNd,fldYKXJM0G4OVNhL4,Survey_Item_Link,multipleRecordLinks,checked,tbl9lguOzNO8VjMvY,Survey_Items
Survey_School_Item_Results,tblwEdi9EQhCsixNd,fldylwjis27CUzy12,School_Item_Report_AT_ID,formula,,,
Survey_School_Item_Results,tblwEdi9EQhCsixNd,fldz08Reuzlivow0X,Region_Top2_Count,multipleLookupValues,,,
Survey_School_Item_Results,tblwEdi9EQhCsixNd,fldZ0J0rAy2bGZxXu,City_Top_3_Percent (from Survey_City_Item_Results_Link),multipleLookupValues,,,
Survey_School_Item_Results,tblwEdi9EQhCsixNd,fldZ5ELMgoXoY6NqR,School_AT_ID,multipleLookupValues,,,
Survey_School_Item_Results,tblwEdi9EQhCsixNd,fldZEcjOjz0616kbl,Region_Txt,singleLineText,,,
Survey_School_Item_Results,tblwEdi9EQhCsixNd,fldZGT5f7jsCZ08MD,School_Txt,singleLineText,,,
Survey_School_Item_Results,tblwEdi9EQhCsixNd,fldZlUxQm77Tb9HsY,Survey_Item_Comments,multipleRecordLinks,checked,tbla8CWwKDBuQwmtq,Survey_Item_Comments
Survey_School_Item_Results,tblwEdi9EQhCsixNd,fldzQLypQQzRdSHri,Percent_Top_3,number,,,
Survey_School_Item_Results,tblwEdi9EQhCsixNd,fldzX1ufGHu9ph6t2,Status_Change_Datetime,dateTime,,,
Assessment_Banks,tblwgM7tZ0e1sEpfX,fld2YPa5VcCa9EtG5,Item_Count,number,,,
Assessment_Banks,tblwgM7tZ0e1sEpfX,fld5LBDmbXHrqzCgq,Last Updated,dateTime,,,
Assessment_Banks,tblwgM7tZ0e1sEpfX,fld8vZGz4XqcBsrg3,Assessment_Results_School_Item copy,singleLineText,,,
Assessment_Banks,tblwgM7tZ0e1sEpfX,fld9vhtsDGvTaJ4cS,School_Year,multipleSelects,,,
Assessment_Banks,tblwgM7tZ0e1sEpfX,fldc3cXkiHrvp6OME,Assessment_Results_School_Item,singleLineText,,,
Assessment_Banks,tblwgM7tZ0e1sEpfX,flddMol6kip1emzzb,First_Item_Column,number,,,
Assessment_Banks,tblwgM7tZ0e1sEpfX,fldEVzKI8B4v8DmkS,Assessment_Bank_Analysis_AT_ID,singleLineText,,,
Assessment_Banks,tblwgM7tZ0e1sEpfX,fldf39mCk909QBHfL,School_Links,singleLineText,,,
Assessment_Banks,tblwgM7tZ0e1sEpfX,fldfftImNoP4CrU22,Assessment_Bank_Report_AT_ID,formula,,,
Assessment_Banks,tblwgM7tZ0e1sEpfX,fldfo822s1Y6tBzLr,Import_Links,singleLineText,,,
Assessment_Banks,tblwgM7tZ0e1sEpfX,fldGIp3436ee9rUd1,Module,singleSelect,,,
Assessment_Banks,tblwgM7tZ0e1sEpfX,fldgsDn9q1OQgc27S,Status (from Assessment_Publication_Log),multipleSelects,,,
Assessment_Banks,tblwgM7tZ0e1sEpfX,fldIl7CCJeOcDPBph,Last_Item_Column,number,,,
Assessment_Banks,tblwgM7tZ0e1sEpfX,fldJLARsLeSXFrdlj,First_Item_Column_Letter,singleLineText,,,
Assessment_Banks,tblwgM7tZ0e1sEpfX,fldKHGTr6pCIwHyeX,Assessment_Publication_Log,multipleRecordLinks,checked,tblVFHu4KLIIZCRVj,Assessment_Publication_Log
Assessment_Banks,tblwgM7tZ0e1sEpfX,fldKjLxoEW0twWES2,Notes,richText,,,
Assessment_Banks,tblwgM7tZ0e1sEpfX,fldkqkHXWkqxWJiOw,Last_Item_Column_Letter,singleLineText,,,
Assessment_Banks,tblwgM7tZ0e1sEpfX,fldm2ExUWD0ODxo7O,Sheet1,singleLineText,,,
Assessment_Banks,tblwgM7tZ0e1sEpfX,fldmEEOYTfp4e1Pwp,Assessment_Items,multipleRecordLinks,checked,tblqIgPFR3mCHjQRo,Assessment_Items
Assessment_Banks,tblwgM7tZ0e1sEpfX,fldnzY1njv1V9ogYc,Assessment_ID,singleLineText,,,
Assessment_Banks,tblwgM7tZ0e1sEpfX,fldof4j3fBoR3YFXL,Assessment_Results_School_Item_Links,multipleRecordLinks,checked,tblD7Kjxmno3JuhAk,Assessment_Results_School_Item
Assessment_Banks,tblwgM7tZ0e1sEpfX,fldQySJdjSqvHEkUL,Assessment_Results_City_Item,multipleRecordLinks,checked,tblYFvQSCkdYt6wMS,Assessment_Results_City_Item
Assessment_Banks,tblwgM7tZ0e1sEpfX,fldUBcNhtGvnYMGKf,Assessment_Item_AT_ID (from Assessment_Items),multipleLookupValues,,,
Assessment_Banks,tblwgM7tZ0e1sEpfX,fldUVFcKxywHDbWcp,Assessment_Bank_AT_ID,formula,,,
Assessment_Banks,tblwgM7tZ0e1sEpfX,fldwxeEbHpHHGQQMH,Responses_Imported,number,,,
Assessment_Banks,tblwgM7tZ0e1sEpfX,fldyVUis7EulwpYf2,Grade Level,singleSelect,,,
Assessment_Banks,tblwgM7tZ0e1sEpfX,fldzvRRuhK961t21D,Assessment_Import_Item_Map,singleLineText,,,
Users_Sync,tblWQJewTlrkfypPP,fld0WQ3Y3pWrg0cPu,Assigned_Regions,multipleRecordLinks,checked,tblKXWbABAC2WoXCn,Regions
Users_Sync,tblWQJewTlrkfypPP,fld2AXe6iIghato90,School_Access_Formula,multilineText,,,
Users_Sync,tblWQJewTlrkfypPP,fld3eYKnFwObtgxDM,Date,dateTime,,,
Users_Sync,tblWQJewTlrkfypPP,fld5wqZRszFJty8Sw,Created,dateTime,,,
Users_Sync,tblWQJewTlrkfypPP,fld6fYS0Nx407IjMt,Last_Visit,dateTime,,,
Users_Sync,tblWQJewTlrkfypPP,fld8iesisKR0Gg5GT,Email_Domain,multilineText,,,
Users_Sync,tblWQJewTlrkfypPP,fldbOsF8nx6Y1XgRY,First_Name,singleLineText,,,
Users_Sync,tblWQJewTlrkfypPP,fldcMKgg6b44IVhZO,Profile_Photo,multipleAttachments,,,
Users_Sync,tblWQJewTlrkfypPP,fldFxZTxBwws3VNfj,Email,email,,,
Users_Sync,tblWQJewTlrkfypPP,fldhsQvl0q62vD4XP,Assessment_Items,multipleRecordLinks,checked,tblqIgPFR3mCHjQRo,Assessment_Items
Users_Sync,tblWQJewTlrkfypPP,fldLmzsktxCKmB2ny,Magic_Link,url,,,
Users_Sync,tblWQJewTlrkfypPP,fldmz0eKmF0ipGwhe,Import_Log,multipleRecordLinks,checked,tblaMuFVHtzyyKKqB,Assessment_Import_Log
Users_Sync,tblWQJewTlrkfypPP,fldNVpxVAj48Z0Zhx,Schools_Linked (from Assigned_Regions),singleLineText,,,
Users_Sync,tblWQJewTlrkfypPP,fldo1267RgbfOeUWB,Time_Since_Creation,number,,,
Users_Sync,tblWQJewTlrkfypPP,fldTAaQCLybJslOdI,Assigned_Schools,multipleRecordLinks,checked,tblTyVLW0R8MxmQ0S,Schools
Users_Sync,tblWQJewTlrkfypPP,fldvrolurNxClTr59,Account_Type,singleSelect,,,
Users_Sync,tblWQJewTlrkfypPP,fldZe5iov1NlxRpcK,Last_Name,singleLineText,,,
Assessment_Results_City_Item,tblYFvQSCkdYt6wMS,fld3dMILjgfJQuDOg,City_Item_Result_Key,singleLineText,,,
Assessment_Results_City_Item,tblYFvQSCkdYt6wMS,fld4bQSI443QuKnct,Standards_Tags,multipleSelects,,,
Assessment_Results_City_Item,tblYFvQSCkdYt6wMS,fld8873z28MfLNzL9,Domain (from Assessment_Item_Link),multipleLookupValues,,,
Assessment_Results_City_Item,tblYFvQSCkdYt6wMS,fld9b2Nomehx0NZJx,Item_Responses,rollup,,,
Assessment_Results_City_Item,tblYFvQSCkdYt6wMS,fld9G2VuXUONK7I0Z,City_Partial_Credit_All_Count,rollup,,,
Assessment_Results_City_Item,tblYFvQSCkdYt6wMS,fldB6kaNivFIHAq6w,City_Item_Result_AT_ID,formula,,,
Assessment_Results_City_Item,tblYFvQSCkdYt6wMS,fldBrH9vzZCkwI7Sf,Assessment_Item_Link,multipleRecordLinks,checked,tblqIgPFR3mCHjQRo,Assessment_Items
Assessment_Results_City_Item,tblYFvQSCkdYt6wMS,fldDbdFKCKd2gzPIQ,City_Full_Credit_Constructed,formula,,,
Assessment_Results_City_Item,tblYFvQSCkdYt6wMS,fldfO4lD2UV5NwJAH,City_Link,multipleRecordLinks,checked,tblAb2YQJ4bggKx37,Cities
Assessment_Results_City_Item,tblYFvQSCkdYt6wMS,fldgtX528tVxRSPCc,Item_Type (from Assessment_Item_Link),multipleLookupValues,,,
Assessment_Results_City_Item,tblYFvQSCkdYt6wMS,fldi2VA71j8p9M94M,City_Full_Credit_All_Count,rollup,,,
Assessment_Results_City_Item,tblYFvQSCkdYt6wMS,fldj3wjV6j9uNuXcY,Percent_Correct,formula,,,
Assessment_Results_City_Item,tblYFvQSCkdYt6wMS,fldJiC7W4eJvnkaCp,City_Full_Credit_Constructed_Count,rollup,,,
Assessment_Results_City_Item,tblYFvQSCkdYt6wMS,fldjIQIxR2A0HeuO0,City_MC_Correct_Count,rollup,,,
Assessment_Results_City_Item,tblYFvQSCkdYt6wMS,fldKA6RApIYTznm8Z,Blanks,rollup,,,
Assessment_Results_City_Item,tblYFvQSCkdYt6wMS,fldkbHpiStz9yScvF,City_Partial_Percent,formula,,,
Assessment_Results_City_Item,tblYFvQSCkdYt6wMS,fldKSLslaVyzjwb9F,Item_Extract,formula,,,
Assessment_Results_City_Item,tblYFvQSCkdYt6wMS,fldlEMFNaYGiMLA4Z,Assessment_Results_School_Item,multipleRecordLinks,checked,tblD7Kjxmno3JuhAk,Assessment_Results_School_Item
Assessment_Results_City_Item,tblYFvQSCkdYt6wMS,fldsd1pvw2IakiBWY,City_Extract,formula,,,
Assessment_Results_City_Item,tblYFvQSCkdYt6wMS,fldtqdc05aKN94sAy,City_Item_Result_Key_Formula,formula,,,
Assessment_Results_City_Item,tblYFvQSCkdYt6wMS,fldVJYzAAU1dwDLdR,City_Full_Credit_Percent,formula,,,
Assessment_Results_City_Item,tblYFvQSCkdYt6wMS,fldVp0tIeyQPb6rWT,Assessment_Bank_Link (from Assessment_Item_Link),multipleLookupValues,,,
Assessment_Results_City_Item,tblYFvQSCkdYt6wMS,fldVwMmSYAgfANQCg,City_Name,multipleLookupValues,,,
Assessment_Results_City_Item,tblYFvQSCkdYt6wMS,fldwmVBk2H4aaMW6m,Assessment_Bank,multipleRecordLinks,checked,tblwgM7tZ0e1sEpfX,Assessment_Banks
Assessment_Results_City_Item,tblYFvQSCkdYt6wMS,fldxNGG1FJb2ci6ip,Domain_Tags,multipleSelects,,,
Assessment_Results_City_Item,tblYFvQSCkdYt6wMS,fldzyGziSta6JnPQD,Standards_Code (from Assessment_Item_Link),multipleLookupValues,,,
